payment_info,security_code,expiration_period,password,user_id
7606589308669451,746,1131,87,1000813
5526241183795545,895,1231,27,1000692
9177074952557141,287,0434,89,1000886
2377962896990563,408,0527,55,1000131
9799177833650627,624,1025,39,1000998
7413641380818044,157,0931,69,1000400
6703388471276499,364,0933,95,1000240
0320280707473980,717,1232,45,1000913
6605706311430282,562,0330,38,1000540
1034248309897521,501,0731,83,1000583
9717333474114121,047,1227,20,1000416
0906557487727780,667,0330,98,1000794
5640747185129765,331,0531,19,1000473
1325322274864895,718,0629,18,1000713
0809814653951282,865,0931,77,1000712
2140236266091526,195,0331,38,1000143
9184687579730477,987,0827,39,1000956
6738686103027811,863,0528,25,1000931
0304735999966967,508,0331,78,1000756
4303777965117145,935,0434,65,1000881
8740785417979154,462,0233,76,1000915
1219861003658804,324,0134,50,1000550
0644184313959359,343,0131,35,1000740
8721551470476816,490,0234,76,1000909
7649154215662724,728,0327,25,1000884
4923472276340186,219,0932,48,1000480
6423001682308287,057,0629,46,1000921
3279697867431612,198,0626,29,1000489
3513307275250036,620,0527,78,1000622
5285124376589217,164,0632,43,1000891
4739127765210753,262,0230,24,1000888
2961385146987662,774,0731,96,1000164
4835429006261352,658,1029,68,1000723
4380810650000767,266,0130,72,1000391
1333030376902659,624,0730,35,1001000
4137137592157505,313,1233,92,1000006
3491737935069754,489,0133,99,1000529
1369868055926979,654,1132,58,1000803
2168835791454948,059,0725,48,1000113
0848307557950099,136,0328,84,1000703
3945397601907191,567,0627,79,1000419
0758234025346221,293,0428,28,1000774
4099960985141901,629,0732,55,1000893
3239658504083827,559,1131,64,1000655
6714232721561580,430,0732,68,1000433
8327589427706875,002,1027,76,1000424
0064768780512161,371,0234,50,1000916
2123927911647545,009,0425,11,1000653
4879823407855548,123,0725,74,1000026
6518687738518386,943,0431,69,1000092
8491211179061272,187,0428,30,1000891
4932854764827130,280,1226,45,1000285
5546657454376911,895,1225,99,1000589
4724412172422846,346,0927,53,1000536
9699195508915829,836,1033,23,1000912
9996781262535240,552,0825,17,1000269
7179105077738174,544,0824,75,1000704
7984152914788363,090,0630,41,1000886
9797707487040386,292,0727,15,1000852
0771104479281252,252,1024,19,1000445
9541555294332143,942,0632,76,1000851
5102172657108679,128,0127,64,1000457
6317099895824354,990,1033,89,1000394
1086243806641982,611,1133,45,1000832
9263154174057214,539,0831,75,1000581
8396814305206012,945,0528,71,1000162
5211690806893287,045,0525,54,1000426
2253816024779935,176,0728,67,1000928
2035913637660688,610,1130,91,1000927
8298343621319043,588,0728,64,1000159
5073249258678394,432,0724,66,1000411
2361780593861079,572,0325,74,1000944
7136270216306986,968,0127,65,1000597
6558837030041840,699,0927,86,1000785
4481769858274590,073,1025,90,1000433
3440773300017377,511,1131,37,1000523
1405661896277488,270,0928,80,1000041
0522805893647751,308,1233,83,1000124
6269087152883047,720,0130,35,1000538
9526069723727898,669,0534,97,1000681
4674641598993135,679,0825,13,1000872
9692076871401869,924,0529,17,1000421
1643712198498769,003,0326,13,1000923
3647085978219321,313,0530,10,1000710
2681298609517521,158,1232,79,1000715
4543313742692034,898,1126,99,1000015
3743138101830762,360,0526,78,1000250
5686255166473017,485,0931,63,1000214
8054404263416861,940,0429,35,1000871
6555115585731062,965,1130,16,1000132
2168712602407276,238,1232,84,1000511
5655852170111539,387,1229,52,1000349
5853652515738339,540,0728,48,1000000
8138289458335400,852,0227,30,1000269
4359678495984967,726,0533,79,1000439
0620049375182182,036,1126,40,1000518
7505544761067851,673,0430,62,1000962
2427323852318697,457,0931,59,1000955
4072000818740909,027,0625,53,1000456
2219663741800716,441,0334,49,1000199
7852061992698205,300,0130,13,1000878
6081316515102167,992,0428,18,1000181
2037492587959711,832,0134,61,1000870
7661256792884754,984,1026,29,1000977
7342054628610676,476,1224,14,1000161
4980225760250505,434,0830,14,1000315
4513577931106826,133,0725,88,1000349
9974600622402626,198,0624,32,1000400
0031159032409937,546,0527,75,1000217
7356897342131665,614,0633,11,1000387
3543575617577233,656,0728,46,1000870
9836732507121159,028,1030,42,1000104
9830955722198332,326,0532,48,1000282
9248996269378933,470,0726,40,1000629
7601747614125049,737,0129,60,1000994
6844788426598600,196,1126,47,1000911
3969422342956074,079,0628,71,1000972
0882667985760585,421,0234,82,1000232
5935637204174724,244,0831,82,1000520
7375110703809607,997,0328,82,1000631
6865654253871763,677,0334,64,1000258
9649911072081785,703,0131,94,1000266
5439619401769051,549,1232,21,1000531
1293057202359687,131,1132,89,1000879
7326700215386738,483,0333,13,1000590
2126979428561294,227,0724,79,1000191
1485115426743579,730,0824,29,1000281
1652326144453659,039,0130,64,1000296
3838795491807688,370,1233,18,1000860
9074417076701489,960,0828,60,1000242
4294115447669402,566,0931,37,1000282
7976353180846121,018,1226,37,1000129
1936157356592332,210,0928,19,1000493
8180344654318721,985,1224,68,1000666
6691883900527748,081,0726,94,1000722
3556751719707069,470,0126,15,1000670
7300115881167595,110,0326,54,1000589
0702653113223884,574,0730,10,1000756
9609006209349839,456,0328,64,1000192
4456906839532339,154,0732,59,1000412
0025986405299992,411,1131,77,1000436
0561188967376736,324,0530,44,1000492
6550933539134505,176,0728,11,1000039
2332853092319539,379,0628,90,1000075
1010780625274199,079,0330,91,1000373
3369026308762537,269,0730,57,1000415
7758521177574443,967,0227,41,1000801
0590107202879689,976,0332,76,1000671
0640755171091007,388,0932,89,1000745
8189611636510034,142,1032,87,1000371
6062560288365898,558,1028,91,1000153
0345808100034636,879,1033,97,1000318
8841167534833283,863,1032,30,1000384
0602411961456887,714,1224,80,1000623
2092005018673867,666,1126,58,1000164
3795296375355531,381,0933,48,1000374
4410855210306893,798,0929,63,1000395
1305115908351501,786,0624,99,1000409
3106761626408755,486,0225,82,1000783
3861543307926577,896,0628,84,1000487
3525459869079465,290,0234,99,1000843
0423026773268762,696,0928,80,1000158
1151999913372551,859,0127,82,1000203
5300679823241689,383,0628,49,1000096
5568582058904020,894,1126,35,1000476
0118385651472254,644,0532,19,1000864
3447728454592255,791,0229,18,1000309
5077502200307090,778,0930,62,1000750
6256998915958949,262,0325,22,1000526
2465225030573635,705,0926,73,1000746
9244077590675224,274,0827,76,1000838
7780066850584972,908,0530,11,1000218
2678903685579585,839,0627,30,1000358
7524457229475409,565,0725,75,1000848
9753165958059678,027,0231,27,1000547
0433045460195938,936,0230,64,1000812
5166344770837681,062,0633,52,1000129
8947141280571010,797,0226,61,1000314
4014301127483079,128,0334,30,1000637
0555321195347165,267,1027,59,1000352
8209418695355608,502,0827,58,1000041
0967619114408378,035,1031,52,1000981
3303068879357890,269,0832,23,1000525
8496083683797500,783,1028,57,1000384
1929043720139498,358,1024,92,1000863
0392062891478402,874,0731,65,1000208
3597999141153607,845,0929,87,1000193
3784985129787287,475,0228,83,1000881
8810010378700951,664,0826,11,1000466
8343337391707804,556,1124,31,1000654
2750363208313080,497,0230,63,1000082
8286451320598108,141,1231,60,1000022
1079868038408377,855,0134,78,1000818
6057209333506042,301,0731,76,1000007
0076536070737418,937,0132,52,1000584
2307260544740125,954,0232,17,1000768
3192866627090760,934,0232,74,1000699
7999532745621177,332,0826,59,1000279
2110771461256991,282,1128,28,1000654
1386159445897552,150,0728,62,1000745
9560469648126258,199,0433,40,1000050
5332534181248986,224,1027,27,1000343
5953900334360978,829,1231,35,1000565
2511428041676876,806,0533,23,1000913
8498234615133235,990,0528,70,1000644
2124498828907397,762,0525,84,1000293
0260670209655880,656,1232,24,1000336
4422349222782404,860,1127,64,1000711
0112585383984767,495,1030,83,1000754
5171514376721157,838,0824,81,1000710
7435921582993843,380,0832,80,1000947
0291994070457512,084,1130,19,1000003
7868034908298164,942,1228,97,1000574
1599228518243888,837,0525,49,1000240
8805088835633350,078,0427,93,1000769
9199253520492122,322,1231,23,1000642
9534725839728753,227,1233,55,1000335
8046348123776926,425,0527,49,1000924
9409254819706103,808,0931,52,1000774
8142151059978349,359,0827,29,1000669
7326796541629528,832,0628,20,1000892
1713984482712958,756,0329,14,1000199
4216493484006241,627,0832,39,1000208
9942532215426739,406,0727,22,1000097
3117041891832972,436,1033,98,1000776
4306008245336512,680,0527,53,1000035
9120905300313992,766,0430,50,1000971
4084530905710536,704,1128,51,1000413
3193380684131789,343,1027,10,1000480
4750979716223036,254,0531,87,1000524
6428784308974971,949,0927,35,1000147
4761103863553809,528,0328,86,1000838
7348750484541038,253,1229,15,1000302
7182098653270131,549,0630,81,1000981
2795033675301135,562,1031,41,1000113
7655562860815838,051,1124,48,1000683
7492051023509121,209,0725,37,1000349
3965542602949230,667,0231,17,1000216
2543546193846658,298,1029,74,1000791
1687416706075534,352,1031,51,1000213
9020307519000711,289,0129,44,1000854
2028238802360172,073,1131,45,1000814
2674241706527505,364,0529,23,1000311
7668324543553723,129,0625,74,1000846
7182913488931766,092,0827,18,1000634
5136983118402208,484,1125,55,1000077
8027975458696643,747,1027,20,1000051
9674157980804540,404,0433,56,1000827
9917589690106286,486,1031,61,1000111
7163600549054141,505,0232,59,1000982
6021090946455600,667,0927,35,1000223
1458935725090247,533,1129,67,1000505
2298449520604535,372,0528,16,1000554
7287441916302180,445,0426,79,1000834
2893765921082172,699,1129,24,1000600
8856502785106355,165,0628,44,1000895
5785214451417643,398,1126,74,1000598
1062412518807391,498,0731,64,1000768
2465681463233925,513,1032,84,1000173
1970425154449709,201,1033,78,1000835
3562581499141318,402,0131,86,1000518
4252011205305083,600,0334,18,1000412
0432762093166166,355,0529,36,1000094
9470431846017183,263,0432,67,1000872
1288781423184221,725,0332,60,1000998
4950796288079721,830,1132,61,1000411
5774811852283491,508,0228,20,1000606
5169357891213290,781,0329,68,1000251
3927604086153916,787,0631,69,1000726
8553086402585148,010,0833,71,1000107
4816241302711342,687,1032,64,1000934
8734294508489460,572,0232,30,1000688
5386076573581645,619,0128,29,1000377
2950919392827322,446,0830,27,1000075
3003659161703669,664,0330,86,1000697
9556975050075573,194,1028,52,1000449
0217601819714340,977,0129,82,1000226
2186302745618381,759,0930,69,1000746
0016901491828449,694,0933,10,1000382
1623117915166133,955,0829,10,1001000
1082839798029864,538,1025,64,1000959
1110483328341345,118,0926,77,1000055
2296389472426150,194,0329,52,1000216
9930018470636851,133,0629,74,1000593
7996945055835422,542,1129,80,1000710
4718883861455164,635,0430,18,1000116
4314101679119551,169,0828,20,1000026
3715255479710808,798,0830,11,1000488
2015265238967846,252,0229,28,1000792
9987446656709113,075,0526,44,1000271
4465715879855495,398,1224,72,1000624
0049120537584103,040,0434,53,1000807
1283343467523478,286,0832,69,1000659
3583748170200169,066,0630,34,1000639
1958821208652072,069,0532,34,1000492
6384930589576413,846,1032,35,1000674
7830792054293413,262,0727,68,1000901
2882889063219245,113,0626,68,1000808
5808545007392829,540,0529,76,1000857
4554006261620941,358,0130,74,1000344
3233587731218862,531,1133,14,1000129
1713565469667727,761,1225,95,1000568
2699161506641440,746,0628,43,1000119
7815197192643058,674,0430,35,1000186
9469624163312681,949,0928,75,1000020
0018559679437793,364,1232,15,1000093
4839650062821765,210,0929,36,1000769
2344890271306404,386,0531,62,1000412
4298942287851873,294,0432,74,1000235
2471585687074670,267,0530,40,1000722
1621402868630851,700,0633,78,1000158
9771574174670614,922,0330,18,1000893
9610147996685485,371,0733,71,1000699
3103483142796240,677,1026,81,1000770
5050866430699233,786,0334,83,1000154
4480103432658246,947,0225,47,1000417
9817146621524524,357,0132,87,1000545
8885875614654794,255,0526,92,1000379
1064899993153283,848,0425,83,1000373
9931284384106634,757,0931,16,1000224
5836418965749776,698,1233,37,1000162
0930665057098290,953,0926,70,1000086
5853374605006648,421,0629,37,1000716
5210365012370328,555,0724,25,1000338
5112398152195998,018,1133,96,1000906
9247175811826290,188,0932,55,1000511
6749964765895057,256,0525,59,1000937
8651878583789148,282,1031,36,1000308
8886999627544930,436,0930,65,1000619
9364635530199243,863,1026,91,1000581
8647462745659155,155,1230,82,1000046
3769160206735547,513,0334,87,1000360
1451917338608034,101,0626,75,1000026
4239073792322861,531,0525,77,1000366
3675973977389002,892,0425,83,1000513
3699364266816784,384,0530,50,1000618
0519457336401407,783,0334,51,1000652
3242380093051017,562,0532,67,1000436
3267861830653280,279,1229,19,1000509
7639143111724011,727,0724,62,1000131
5576395145801756,214,0631,50,1000950
6595075911289932,435,0325,19,1000513
4005359701410778,840,0726,80,1000750
2583217739390418,749,1228,89,1000084
5490165421811388,326,0933,70,1000730
7695386788755583,153,0431,27,1000901
9883166806784536,911,0334,24,1000903
6964420025617227,678,0432,32,1000850
8387015584227726,914,0633,88,1000233
0549489243207555,737,0930,58,1000923
4296042134473799,077,0230,35,1000284
0804004084091578,136,0728,13,1000768
5535222863291764,477,0333,35,1000706
5132519250392437,625,1024,67,1000582
9815518422208238,440,0430,44,1000321
8995290351647786,986,0234,64,1000202
7273942314721455,148,0133,47,1000620
2592928089140349,224,0225,39,1000443
2318889859689159,442,1027,98,1000844
5207114718889529,924,0125,47,1000450
0625908263218645,146,0726,54,1000103
0391954287018498,715,0627,71,1000797
5420269533821999,004,0928,65,1000790
3720394929134013,138,0926,82,1000959
3506157638906371,128,0926,74,1000337
2055735103441201,351,0230,65,1000072
7896666199247578,414,0930,17,1000282
4327496417983713,885,0628,33,1000140
8704506675174138,373,0525,60,1000540
4104369411775006,749,0428,40,1000408
3751877959363017,600,0131,88,1000930
6280657573675407,528,0732,55,1000598
1266201418722113,892,0225,61,1000555
1456988226189838,246,0828,12,1000861
2158436252517562,215,0131,23,1000946
8242628230776998,194,0631,50,1000285
5038444035024608,933,0630,39,1000825
7807893843813278,090,0833,53,1000148
7425830850281132,730,1027,17,1000564
7049652920806532,530,0133,47,1000201
3853653702548973,518,0329,11,1000476
0457233381010789,304,0132,19,1000146
4112653399136525,827,0225,17,1000787
3674629817957603,749,0526,48,1000868
5884110707114150,604,0227,93,1000075
4058158522825123,620,1124,88,1000863
8159340448510992,772,0225,70,1000336
7471148055950168,041,0328,98,1000575
5307696897552869,480,0726,79,1000163
7525651995180669,808,0326,88,1000227
9114787558411340,989,0128,59,1000438
4797833398502677,825,0828,13,1000436
2618857472202574,282,0331,29,1000144
0034091175050706,138,1233,71,1000624
0023014889995159,649,0428,81,1000203
2757005291800274,452,0725,88,1000580
8289364551460301,935,0331,30,1000779
6706265372964620,930,1228,65,1000182
4476691044302746,323,0929,34,1000626
3198477501950147,809,1131,71,1000378
9528380380130518,900,0826,36,1000657
9752072391709326,097,1024,85,1000012
4305280140974132,767,0831,80,1000654
4274933822858828,853,0924,49,1000481
5723870362334709,339,0425,75,1000324
2489486647582433,941,1132,22,1000828
2811893854358481,281,0833,22,1000588
1082633814825193,661,0931,81,1000096
6055842948710351,997,0530,51,1000881
3350123465611838,048,0924,99,1000576
9564211077476747,667,0826,69,1000764
2610533487133769,623,1228,50,1000513
8462911049727995,062,0433,84,1000781
8949939389874120,212,0528,97,1000543
0990616301098781,243,0827,78,1000855
1929252769095392,253,0833,60,1000440
4830881609198453,397,0332,96,1000150
5782683532130784,160,0632,46,1000284
7432542724885839,158,0130,10,1000167
7599168638969953,310,0629,26,1000257
2530708603930465,926,1032,49,1000395
4870323068340038,914,0225,13,1000848
7550596053926263,024,0534,19,1000779
8391412869658762,854,0926,74,1000410
7608615596942215,107,0628,20,1000607
9912439131967471,916,0134,88,1000047
8538517302285116,082,1224,26,1000746
3294458373873867,537,1126,32,1000003
7462061674263106,707,1232,68,1000106
8140137960309114,211,1127,32,1000001
1158386807314514,834,1230,64,1000402
8331183736606796,761,0930,52,1000332
4202163331757298,249,1228,38,1000926
3913889780362824,771,0129,91,1000734
3386274836649722,598,0729,74,1000143
4437703186305730,455,0227,64,1000317
4525786719752281,587,0428,34,1000223
8865973672647257,288,1030,67,1000820
9051625849172849,689,0428,47,1000743
0007062956237708,684,0232,72,1000543
8947407359273154,049,1025,63,1000101
0490219849424166,158,1032,84,1000420
8210251567857626,378,1033,27,1000131
4428812812989659,155,0228,53,1000049
5856484726842867,506,1128,91,1000571
9540873315500965,002,0630,57,1000841
0316483742734772,545,0133,68,1000320
8513126016278877,755,0533,73,1000125
0328727088211282,644,1132,56,1000444
1546369925930305,362,0328,15,1000730
8912026386980739,945,0826,86,1000443
6615120331922815,159,0328,71,1000808
2126632927691886,029,0432,60,1000000
1457712910199310,852,1126,81,1000802
7065469408987042,846,0334,47,1000341
1108087003092547,352,0529,23,1000286
3579419240926235,137,1131,84,1000661
1583181448007055,912,0530,40,1000559
3586279567499567,701,0528,44,1000441
9991611864531708,756,1033,76,1000145
2240148965455077,523,0633,37,1000092
7287349264627266,018,0234,47,1000419
1557535778536193,006,0229,78,1000561
2656088445495706,702,0129,77,1000291
8682130762942962,556,0431,83,1000519
5493247793686676,789,0232,19,1000042
1050899890409339,261,0429,31,1000508
7162913018519119,689,0531,75,1000864
0328567957076329,435,1024,22,1000444
1204549891881706,949,0928,60,1000498
3304619857122661,035,0924,99,1000550
6451983343422661,534,1131,34,1000955
9970345154855551,969,0927,97,1000041
3784125461618044,110,0227,89,1000217
1698439350289141,946,0729,89,1000544
7208095306264263,770,0226,13,1000221
1674329581772825,477,0128,85,1000605
1299369456942207,754,0426,95,1000690
0656109780202194,910,0831,85,1000734
0620414416217696,656,0931,47,1000601
4126580585870498,711,1129,29,1000008
0538990191988396,890,1227,48,1000337
3334852276884231,780,0333,33,1000179
5711369460993429,831,1232,64,1000410
9845253479759958,598,1027,92,1000994
2235166608728988,146,0728,67,1000481
1246830984799884,825,0229,94,1000477
1001555618017230,994,0625,26,1000006
9435753685074312,305,0530,51,1000053
3751864105002905,049,0824,28,1000702
9347185692410469,323,0731,87,1000642
2826511839943531,052,1230,92,1000153
5565435583068667,284,0727,22,1000060
7564800053549859,700,0433,86,1000203
6733885432675689,097,0926,95,1000226
0283963656514327,455,0932,61,1000814
6939292773903865,776,0926,31,1000887
3393506167430169,092,1225,41,1000573
9473969262479103,628,1233,19,1000585
5891953829528786,359,0724,17,1000062
8785915346889515,740,0232,15,1000763
5481596348594403,487,0134,26,1000248
0857450204917190,047,0329,26,1000369
1623955584997605,598,0527,72,1000697
1992948191610409,438,0526,72,1000471
0507457780305686,425,0332,30,1000129
3891337855444636,213,0631,47,1000875
8649953240887877,161,0726,44,1000527
4391986374766474,431,1131,64,1000436
1854629289768542,677,1128,54,1000613
1357841201844671,057,1229,75,1000987
7898138148453036,399,1226,17,1000515
1154013416791528,888,0728,40,1000014
7380160474184063,837,0527,23,1000799
2971307931388953,946,0625,42,1000839
4970868642760415,362,1233,87,1000493
4720753102773319,098,0729,38,1000686
8627432882882252,201,1228,69,1000025
9250588709438941,234,1132,69,1000385
0362268978210594,221,0532,95,1000255
3622857290211270,630,0624,64,1000310
2095898831424667,525,1027,88,1000185
8104182707631606,339,0533,31,1000419
2041318570486715,524,0129,61,1000501
5232570330924854,310,0433,93,1000273
7638686921368271,991,0229,96,1000038
8992730922582254,584,1024,27,1000819
6320600183948303,287,0627,16,1000250
3193641091615130,930,1031,61,1000462
2427358831819761,099,1026,22,1000760
1519432377724486,242,0824,19,1000520
5928443516829876,732,0824,37,1000604
8786535558806426,008,0430,73,1000879
3178334506871154,867,0427,86,1000366
6939486156670428,495,1033,63,1000375
3136777429983772,144,0927,97,1000451
8039476705555837,837,0326,11,1000880
4497622468662302,744,0227,25,1000929
0124760733593669,396,1225,35,1000806
8464914905512772,969,0129,21,1000132
9577466488078806,962,0628,46,1000163
5926578608366584,484,1127,75,1000854
0279782347411271,673,0830,17,1000811
6919505487415700,068,1124,51,1000219
1620791318548478,589,1231,83,1000757
6479827471654843,801,0131,36,1000873
1626766691043424,522,0431,26,1000212
3302083798570904,861,1031,66,1000204
0966455651029108,175,1028,27,1000582
5274917433976399,980,0930,91,1000511
8122561459190333,786,1132,31,1000244
0357949299407343,838,0426,77,1000886
2489247032046826,429,0529,81,1000794
7890750644414979,186,0627,22,1000906
5677483001034049,786,0826,55,1000227
7316564574735584,718,1230,76,1000107
7440884284386505,134,0333,75,1000682
1129336214257398,261,0132,21,1000173
7789949510270002,642,0233,29,1000774
3758021225141732,895,1231,94,1000760
4367518753660778,474,0332,90,1000438
7092921634175658,284,1224,55,1000301
9566470048452215,048,1124,57,1000390
1164241752520478,740,0730,19,1000882
9627202878299631,495,0232,84,1000367
4545476062588542,459,0827,12,1000441
0235987572491996,834,0333,68,1000701
5610238899945627,799,0629,51,1000460
2097162308166493,534,0832,20,1000527
0001167229136334,365,1030,93,1000325
6025060745598336,934,1232,56,1000208
6450679072032934,396,0326,49,1000875
7230121879088749,406,0234,70,1000021
5632866225393866,554,0231,83,1000191
1603848483750361,923,0628,65,1000792
3278349856838131,453,0726,40,1000400
1620048171087403,515,0632,14,1000327
3883727878756026,354,0631,41,1000367
0653019570596825,670,0827,58,1000066
8336471492975876,240,1127,32,1000977
9225239591049675,105,0134,93,1000197
5379970098105881,720,0730,20,1000457
8228619717764977,528,0534,49,1000576
1544017716111690,072,1229,88,1000271
4754416686912146,797,0230,51,1000618
5022514343945732,059,0932,62,1000480
0596486670585166,597,1031,39,1000053
8983006615011500,327,0333,43,1000007
7117349825124676,921,0928,57,1000978
0388083237654460,690,0231,58,1000030
8640410742284854,626,0727,73,1000706
1398880191734683,815,0729,51,1000333
1791239492148395,242,0525,74,1000914
4327606696108846,367,0833,43,1000253
5217455672878166,848,0629,62,1000160
1163004758827516,871,0827,90,1000294
6825477782999437,714,0427,54,1000350
8350007777041793,751,0730,90,1000524
6900148867301660,950,0233,58,1000623
4253033412177096,792,0633,30,1000437
8384339381126458,327,1133,99,1000226
2853219522500859,512,0826,44,1000739
5676939264917676,252,0328,44,1000995
1476415660073613,080,1225,61,1000002
3687698979763120,312,0930,26,1000385
1670605827829543,138,0229,38,1000821
6500982314660482,047,0631,61,1000860
1296108566372118,284,1026,80,1000629
4195539999341740,506,0631,93,1000723
7698341125263855,142,0429,25,1000572
4278929796370440,681,0425,66,1000751
9165068249974840,682,0825,98,1000666
5682183723574818,096,0829,79,1000173
8288035482296953,184,0533,25,1000535
7061630206983822,408,0531,91,1000365
2056998540156613,532,0832,21,1000556
3992428788450093,187,0833,48,1000909
2169745602742945,342,0933,41,1000692
9140198966710513,807,1129,55,1000368
7954212772318814,625,1026,64,1000565
5601811390401505,242,0631,29,1000745
4360485650388373,702,0627,83,1000182
6771167599420214,568,0132,12,1000289
8230613418280066,221,0726,79,1000698
6949269399682428,023,0925,94,1000390
7182779926954177,060,1028,11,1000727
4617526680528867,744,0824,69,1000630
3415690066367146,403,0624,22,1000816
1413165478012107,223,1130,52,1000070
8145382099199904,297,1131,47,1000169
6201109501678620,882,0533,22,1000954
2784007136881706,362,0332,94,1000541
6777701410858204,972,0527,60,1000382
7453867982836438,617,0727,94,1000199
3875627258630553,438,0326,37,1000245
5540875641402418,367,0234,22,1000090
0186702503571967,592,0829,74,1000845
5870982266586853,944,0133,38,1000346
3126430985853920,352,0929,71,1000212
9246542944076534,294,0525,34,1000613
4383746949946005,154,0926,73,1000877
7238115669416278,632,1233,59,1000917
4140701136609845,534,0830,79,1000346
4488230368847055,682,0327,59,1000661
4326419051626860,821,0928,31,1000018
0313883728944662,390,0928,38,1000222
9687988106603696,637,0330,19,1000038
6342726760793319,402,0434,68,1000485
0018671301446272,189,0433,24,1000374
4648402788273850,575,1224,50,1000280
4239732605382020,694,1031,16,1000672
2023483748503361,205,0330,41,1000404
0674424835294221,585,1225,65,1000872
6613960061551249,386,1224,58,1000645
9752432052383920,923,1132,65,1000789
4584866374381911,011,0432,76,1000624
5893424050079046,346,0832,22,1000760
2565898036463933,363,0527,67,1000905
1915704138624001,513,1224,15,1000260
6381832647699166,564,0828,11,1000115
5870801627070433,391,1026,80,1000657
7677168000718744,134,0433,91,1000798
8651439079492133,572,0431,91,1000487
2398908488753922,236,1227,19,1000823
5021857452359422,272,1024,64,1000151
1212325435342731,474,1227,90,1000371
5312429440925611,410,1029,39,1000325
9215611341208128,278,0532,78,1000802
2138063626565278,608,0627,38,1000129
2193217685036678,534,0925,53,1000559
7921749795661191,607,0432,89,1000370
3009629037142594,182,0328,70,1000901
4662647858143018,763,0927,40,1000070
7074895562616267,505,0227,66,1000870
7201625238933697,485,0633,37,1000390
4100440749189246,437,0729,10,1000076
2466283947668351,102,0926,80,1000694
1659052562848070,535,1125,76,1000418
4322291423367950,002,0725,74,1000771
3420750917055515,843,0731,67,1000206
8244382825743439,807,0331,48,1000285
6559587570497667,598,0425,10,1000899
1077928510401100,906,0233,29,1000927
0455319860650591,595,1224,10,1000861
6624598797850977,912,0724,40,1000410
7174996332238322,004,0432,99,1000034
2669289070889339,197,0232,65,1000333
9184987029262646,905,0627,46,1000003
6273582334768094,711,0530,23,1000838
1091621112624888,420,1227,19,1000790
7399451996823323,092,1025,14,1000393
9176125908527140,363,1128,14,1000875
3628667554268682,555,0231,22,1000681
3561764351143405,348,0227,27,1000064
0046563173767602,688,0931,81,1000154
6028854384031717,770,0933,42,1000596
5263859605273762,730,0325,68,1000060
5926785741444299,140,0325,49,1000228
8032014676049873,134,0427,49,1000876
8346365559294718,302,0428,27,1000189
7081183024307234,605,0225,76,1000657
6289256579633725,069,0926,67,1000544
2809657169119605,589,0928,56,1000266
8886046854562043,907,0329,75,1000241
8566059093400831,842,0334,20,1000989
7238530931845338,855,0426,78,1000363
7613422442595500,450,1130,55,1000322
5872195326927482,023,0128,15,1000820
5038025166295925,519,1225,40,1000200
9381950368529521,010,0825,44,1000536
8377707456529708,616,0926,28,1000901
2579235676170458,569,1027,14,1000314
9181870888658570,601,0824,93,1000580
4994635328129500,585,0128,18,1000178
4237240761857423,806,0525,54,1000940
6161542837332330,367,0933,48,1000139
0303606390475786,274,0125,24,1000323
7482730664230954,632,0230,70,1000988
7155667931830123,370,0530,22,1000190
1892813442755109,795,0627,83,1000344
0827412111455471,999,1231,59,1000082
3528981324843679,086,0330,48,1000125
3225426193595675,490,0624,50,1000951
7460754276547312,276,0733,26,1000375
1610962338309090,984,0131,50,1000668
4602876135870837,517,0528,56,1000997
5378474306647744,558,0130,71,1000888
7840849144736013,400,1228,33,1000646
9851529984803089,441,0929,52,1000102
4526495743839853,565,1232,95,1000319
7444073763121825,585,0628,49,1000532
8485118827624617,836,0125,43,1000904
8144289360610074,422,0633,93,1000599
5319361717898473,114,1229,37,1000256
4188598208303825,673,1228,38,1000522
7056615207331250,609,1030,75,1000718
0853808366195380,031,0924,63,1000654
6681815600440584,877,0128,12,1000289
5170074499920963,228,1231,36,1000937
4616661408576210,794,0330,89,1000715
2146207332888496,123,0329,12,1000509
7483469823423015,302,0631,15,1000583
1155848917224118,623,0331,20,1000095
2435671358534435,907,1027,92,1000404
7949437641647550,641,0631,26,1000885
5878955283007204,149,1032,78,1000616
9403406666792349,175,0127,30,1000833
6879623403168796,154,0433,73,1000192
3374727752741496,842,0624,33,1000747
7797759104079689,717,1231,89,1000605
4225666725371099,593,0926,57,1000710
2437617807525167,774,0525,48,1000386
6670290362729116,718,0127,23,1000325
5238645192206493,423,1229,39,1000803
2903322768918692,630,0233,91,1000337
4980940865289667,189,0529,34,1000752
7855953615539641,283,0525,86,1000689
0921670871276347,178,0930,61,1000308
2215623430477584,562,0227,45,1000705
2309155249303567,578,0833,75,1000421
9763743170105434,984,0334,80,1000433
0019910457414497,077,0327,23,1000842
9248206610554418,706,0227,78,1000489
5360172045543352,588,1028,36,1000591
3022701582658051,614,0833,73,1000689
3715529324196862,514,0533,19,1000728
2102261075216557,095,0333,33,1000769
3127653462775675,344,0434,83,1000418
7599523241809113,417,0526,92,1000897
4787305407743438,315,0529,32,1000857
4482455506484653,319,1026,86,1000169
6199407100566889,961,1026,30,1000078
6510063374027421,348,0926,71,1000913
2063445971746257,840,0128,11,1000689
7977963190838196,485,0132,71,1000468
6824032800969812,104,0825,39,1000271
0307960710228508,632,1033,14,1000594
4173579678589231,675,0824,64,1000389
9802889880269235,072,0432,33,1000488
2325838740203499,350,0133,63,1000699
4047098888619138,175,0732,39,1000519
9201901873835208,253,0925,69,1000889
2830297135705915,490,0134,77,1000988
0794033087240496,081,0126,10,1000491
9771949808124644,860,1026,36,1000457
8429321945526933,185,0630,26,1000907
3410751323403754,938,0728,14,1000768
5490535748414548,599,0625,52,1000998
3824218509882888,201,0629,89,1000814
3871223756452601,473,0928,76,1000897
6255060540261438,068,0429,94,1000924
2568234091425780,717,0933,51,1000590
6859647926783140,057,0427,92,1000254
8857643213980711,257,0827,12,1000767
1728868369933170,631,1032,70,1000510
8656636292954253,568,0627,38,1000048
0128734347990377,382,1231,54,1000753
9478471326489454,149,0929,13,1000381
9597991855604385,998,0833,22,1000127
0501780647241273,588,1230,87,1000253
3023146731063655,731,0329,64,1000111
4047339346497133,971,0626,72,1000030
6357687776467110,926,1028,59,1000422
4600084176433266,412,0627,60,1000934
2265700850219701,878,0229,59,1000369
1492289058729395,773,0828,22,1000492
2264771846120957,628,0628,64,1000698
6330741443171704,543,0527,88,1000810
7058851183059510,264,0525,81,1000219
3563772700549063,838,1233,72,1000817
7777924940436923,242,0126,85,1000747
5567669874837350,568,0228,88,1000771
7965662699922972,713,0333,32,1000668
7253766656017915,670,0930,27,1000399
8817699526911099,437,0225,61,1000997
4299500021703138,899,0828,68,1000861
2444425776831454,501,0230,98,1000638
8754809552298692,308,0333,59,1000662
5366163666473544,719,0627,10,1000291
9859944476930526,192,0132,41,1000368
1181295188639434,652,0231,58,1000709
2841721118685841,227,0733,70,1000288
0900113561464860,644,0234,31,1000287
2984603027843033,558,1032,57,1000415
6086566917640082,158,0928,79,1000278
1891265398709625,043,0532,67,1000447
9909189850844949,137,1025,41,1000563
1951280297809431,349,0929,61,1000305
0753982782296246,562,0232,94,1000360
4198593701000893,835,0329,44,1000201
8759698097725441,376,0428,69,1000854
6962931110512778,162,0431,14,1000995
2066607182844521,210,0434,60,1000242
0123072907817739,459,0833,31,1000810
5469659683892471,596,1024,79,1000292
4175768565731760,428,0631,64,1000701
6042509016872829,305,1032,94,1000485
3886130834555912,641,1228,74,1000395
1052926522395897,512,0334,46,1000130
0173243673993215,476,0227,46,1000083
7597517222958487,665,0630,55,1000398
5759660795123564,413,0127,34,1000227
5390271634005445,345,0232,10,1000572
2174934038887531,734,1026,48,1000203
5686780033662401,535,1226,80,1000337
7899535805351719,041,0234,99,1000913
8758392089886640,138,0332,22,1000011
4841247961242411,344,0426,53,1000138
2843155128600649,801,1233,46,1000851
4685283051745384,775,1030,59,1000241
6103989645899706,426,0829,26,1000017
9467373822291736,898,0230,78,1000076
9936703145600481,547,0629,80,1000989
8030273006255566,683,0534,43,1000071
4210330266704088,980,0330,20,1000082
0944357925518337,775,0429,84,1000868
2516202011062226,551,1024,98,1000981
3386427293722461,500,0229,41,1000402
2550204589088705,965,0534,43,1000484
9127864406811578,866,0729,23,1000059
2807995156992739,017,0131,71,1000740
3752196840079644,876,0631,69,1000184
8430846318984639,401,0732,29,1000889
3441267689412860,090,0527,50,1000366
9163185286615664,993,1130,33,1000793
3451449277966245,147,1224,59,1000428
8861262328363566,896,1225,74,1000609
5445950440959219,134,0624,81,1000813
0014051266253423,105,0325,40,1000502
8723189658772918,889,1031,56,1000632
4576918815251771,487,0229,17,1000612
3262125499035923,799,1024,73,1000022
2875253942962021,943,0429,60,1000740
6126028870438626,631,0334,52,1000987
2060032303584367,799,0427,55,1000334
2256343134930503,850,1124,71,1000796
2982781839698761,573,0532,37,1000546
3175127668737236,191,1032,84,1000525
8299222835084818,174,0831,27,1000557
5688835476607111,271,1026,63,1000024
8406548713462100,452,0727,31,1000352
7600950423224281,748,1224,53,1000212
8327367594977862,524,1030,49,1000861
7446278567317630,306,0325,36,1000144
6798804579142751,021,0430,86,1000333
2411021366333982,448,1132,63,1000355
8222374824584738,496,1224,17,1000005
7512151486135780,601,0831,33,1000002
7907121062228815,284,0624,13,1000104
5788001590979154,281,1227,27,1000553
6569295519033134,848,1132,42,1000195
4942090377341957,447,0733,10,1000872
4545254053536667,955,1026,64,1000998
6821968858604194,591,0629,91,1000861
5153548762411009,703,0225,75,1000565
6847534003857093,295,0831,88,1000279
0403120331468453,541,0127,30,1000692
3858535516620194,844,1024,42,1000925
7514197540080221,225,1026,34,1000996
5131054017136654,722,0829,45,1000815
4362817453515752,241,1029,44,1000929
4304019252400796,457,0930,62,1000774
8125207232756589,268,0133,57,1000206
1089056378962397,869,1231,93,1000281
7873898741873042,112,1232,42,1000597
2720535120392451,233,0729,31,1000143
3614424001076482,244,0330,19,1000461
6147127515616128,243,0432,82,1000016
3442273411435418,076,1133,68,1000750
7540442522622220,802,0425,28,1000102
6879071010188007,751,1030,35,1000606
2709119934730928,627,0726,18,1000832
1482769430181425,629,0326,27,1000744
0940063588193954,917,0232,80,1000911
5590780456343617,881,0128,76,1000909
2552143765780982,962,1127,92,1000647
6801983644838042,687,1028,46,1000408
2989271150403598,439,1025,40,1000602
7799703874265845,765,0931,72,1000328
7681453469459889,155,0933,11,1000811
8872590641931629,138,0627,89,1000823
8211485666049227,455,0332,98,1000859
0777689594773054,188,0728,24,1000637
4478603350569220,181,0133,27,1000683
8608059427859355,410,0129,11,1000447
3449835882773163,951,0426,73,1000382
7767602633420956,587,0127,61,1000931
6306054121319797,030,0627,72,1000066
9592805852464285,422,0830,72,1000228
1130267084853973,028,0830,61,1000220
5971047814853375,949,1133,10,1000448
9253860740158664,987,0728,21,1000573
2989451253350561,336,0725,60,1000704
9860369660032409,361,0926,58,1000363
6343707992788649,925,0929,80,1000174
3862262396125038,240,0726,53,1000148
6750772579241319,212,1124,33,1000933
7854840020593951,424,0332,35,1000649
6170245196225652,345,0825,16,1000729
7765205957619625,203,1231,83,1000387
2127987020488013,628,1131,91,1000926
2066456706742617,697,1127,48,1000276
7084830421633516,002,1029,41,1000103
8789803115172725,044,1228,45,1000724
4623253873404994,147,1125,52,1000975
1804881546160242,931,0328,90,1000398
2517042519425585,424,0331,48,1000087
5824283244163940,323,0926,79,1000839
9837835451344948,755,0126,27,1000746
9903313703920252,995,0732,99,1000661
5679726926265512,926,0333,92,1000090
9146432216129297,606,1127,80,1000680
0173812316025542,588,0828,76,1000870
8516440765419138,539,1127,50,1000361
3129886468515269,959,0134,73,1000144
7139252883663672,933,0326,23,1000209
6241985309397121,045,1024,75,1000589
4017131408043319,511,0530,34,1000374
7365297999089325,306,0727,15,1000885
9924140767659863,739,0430,38,1000110
5111513652124147,025,0329,58,1000670
4525116591998887,068,0330,99,1000237
4191143851665710,526,0432,51,1000836
9343899618148359,876,0426,51,1000586
6229110060057881,301,1029,79,1000262
0644112294248187,161,0931,81,1000791
4500661691019406,873,0832,62,1000104
8891677816247233,240,0726,33,1000198
5016978145249379,924,1030,73,1000834
7122940677740198,867,0929,98,1000988
3350572137664700,114,0730,42,1000911
6738443078035225,960,0526,67,1000427
8252674473951796,432,0531,34,1000278
8247337880378668,465,0928,50,1000031
8095871012840529,320,0630,96,1000304
8619291749026663,867,0533,96,1000494
3817328992360521,748,0434,87,1000977
4471476093284093,365,0727,72,1000214
8273331678206295,358,0334,13,1000440
6266545179495312,100,0631,37,1000896
4892601590818926,209,1231,82,1000516
0301690073514600,436,0131,57,1000769
6775365977918553,194,0226,55,1000131
4771210659386951,921,0627,40,1000837
7890590834402719,610,0631,96,1000008
8582728964098961,157,0432,13,1000883
4348978108416363,634,1232,86,1000854
8672042545254817,053,0727,10,1000023
9034340228889862,567,1028,23,1000599
4533230024044944,735,0929,51,1000500
8804586146780555,065,0527,46,1000261
1538778849096300,546,0326,17,1000448
6949966562430747,637,0830,66,1000100
0327522578942848,134,1132,60,1000288
1488553570983269,245,0129,88,1000950
9462767929653778,496,1031,63,1000415
3145422768155992,932,0226,14,1000724
6289586952130505,675,1132,76,1000073
0792482142258955,266,0929,48,1000245
5232856542194265,504,0627,75,1000601
