dirver_id,name,ssn,company,region
0,김지훈,1705152396668,주식회사 이문서,대구광역시
1,조지우,0901281645343,김이,울산광역시
2,남미정,0603061535969,(주) 한,단양군
3,김미숙,6404231206706,장박,울산광역시
4,이상호,0204132384420,홍엄김,과천시
5,김윤서,5102011722103,유한회사 최,안성시
6,안광수,2207041902385,김박,대구광역시
7,박지우,4306142149075,류홍,논산시
8,홍성훈,2709142746685,지김,고양시
9,이지현,8804031755410,유한회사 김김송,대구광역시
10,이중수,5007182858928,최김,인천광역시
11,이정남,2605032559403,김조,부산광역시
12,노영일,4406051115313,(주) 안김김,울산광역시
13,최민서,4803102994521,유한회사 이,대전광역시
14,홍민수,1107021944432,(유) 김,금산군
15,김지훈,8104021458164,김차,광주광역시
16,민예은,6305252007826,김윤,인천광역시
17,박정훈,1804082241992,이김,세종특별자치시
18,강숙자,7207081725955,주식회사 김김김,광주광역시
19,류경자,4205022498715,주식회사 이,양양군
20,박지현,7905191449671,최박김,횡성군
21,김영호,4308021442881,(유) 김,대구광역시
22,고성수,3506052749403,박윤오,괴산군
23,이시우,2109001029526,김박이,울산광역시
24,김현준,9305191390219,(주) 권김진,청주시
25,한미숙,6805281614155,(유) 이김최,광주시
26,장지현,8004092511546,주식회사 손김차,의왕시
27,김지현,7202221101267,백송,수원시
28,김서준,7501202728922,(주) 김,인천광역시
29,강서현,8704002587145,주식회사 이,부산광역시
30,장현준,4407031825733,주식회사 김,세종특별자치시
31,박지은,7602202234442,김이김,서울특별시
32,박건우,4500002953482,강송최,부산광역시
33,홍정식,6500081933358,(주) 김,단양군
34,강민재,0003291083362,최박이,서울특별시
35,김정웅,3501251584768,(유) 이조손,안성시
36,이상훈,4500141990561,유한회사 전,남양주시
37,허지민,8208142476393,윤류안,화천군
38,박명숙,4205041476347,김박양,대구광역시
39,박건우,3905201612031,유한회사 김김김,대전광역시
40,홍영식,2100262330359,(유) 한김송,양주시
41,최지후,0303132763289,김이,인천광역시
42,나건우,5204031026975,민문,청주시
43,최영호,4106141032646,유한회사 이박윤,인천광역시
44,성서윤,2406241682794,양전,고양시
45,이민수,6901161683971,(주) 양이배,의왕시
46,이현숙,5702262330117,(유) 이김이,인천광역시
47,지종수,8804282689156,김안이,광주광역시
48,박정희,6900091261761,(주) 김,청주시
49,김보람,9600202661527,김김김,울산광역시
50,고정순,1404171452034,(주) 이권양,안산시
51,박예원,7706041541062,이윤,대구광역시
52,황수빈,3009032737843,오김,안양시
53,구성현,6205122855701,(주) 김,대전광역시
54,박수민,5108221361469,(주) 김,성남시
55,하지영,7506281057605,유한회사 김,수원시
56,안영순,9003251890559,주식회사 이윤이,울산광역시
57,신경자,5002062409585,유한회사 박,평창군
58,강옥자,7105082974912,김박,논산시
59,박예준,6502082469219,김양,울산광역시
60,김은영,6507272403017,유한회사 황김이,수원시
61,윤지후,3706281582663,김김윤,울산광역시
62,김승현,2005052751996,이강최,서울특별시
63,김서현,8502232253023,주식회사 김이김,광주광역시
64,박성진,4609022311727,유한회사 김,계룡시
65,박현숙,1807242293747,이장김,인천광역시
66,이지연,7505221146794,유한회사 김,대구광역시
67,오건우,2908101386539,박박,세종특별자치시
68,이상현,5902102078420,(유) 김안서,광주광역시
69,권현우,0708232375189,(유) 주,영동군
70,오도현,8702231124803,황김,부산광역시
71,이아름,6500051444661,유한회사 김최오,용인시
72,박예진,5407292617873,(유) 남장송,광주광역시
73,김춘자,4405261098909,주식회사 이이박,증평군
74,김은영,4109171244220,(주) 김,대전광역시
75,최영길,7201001941563,(주) 엄박김,용인시
76,박은지,8508202503290,(주) 윤,천안시
77,김성진,0306031751049,이류조,대전광역시
78,양지우,1902271975684,유한회사 이김정,울산광역시
79,박성현,6805212310703,(주) 최김박,서울특별시
80,최정웅,1708152686192,(주) 최,광주광역시
81,김정자,5203201571156,이손김,안양시
82,류진우,9806171365687,주식회사 이송강,부산광역시
83,송민수,6607131501527,이장,광주광역시
84,양지아,1508122116012,서김고,증평군
85,박수빈,5409122412327,이김,청주시
86,박성진,7000052285089,이한김,천안시
87,강종수,3905272684877,최이,인천광역시
88,진영숙,0009002893453,유한회사 김,부산광역시
89,고정순,7303081336607,이최,서울특별시
90,최현지,2204151869672,(유) 윤고류,연천군
91,구아름,0902122914741,(주) 박윤김,대전광역시
92,김경수,4307252145707,류김,세종특별자치시
93,이하윤,2102291313826,최최주,고양시
94,한서윤,9701151973527,주식회사 안안김,동해시
95,손승현,0501012846612,이류,서울특별시
96,김수빈,6801192854666,(유) 백서윤,서울특별시
97,이동현,8901002420789,윤주,광주광역시
98,문민수,0103232144469,주식회사 전,횡성군
99,안광수,8800282772044,김윤이,부천시
100,한현준,2907102486284,유한회사 김,울산광역시
101,유서영,7408102923629,이구,울산광역시
102,노현지,7109132770217,김이,부산광역시
103,강지은,1502231999965,주식회사 이남최,안양시
104,송정자,8409231204113,이지,진천군
105,윤미경,5803012295410,주식회사 김박김,안산시
106,조진호,4405001735701,(유) 홍,서울특별시
107,문유진,4503041829631,주식회사 안문이,영동군
108,김서연,3709101602657,(유) 김이강,부산광역시
109,김상현,6206061451510,박김김,철원군
110,한정식,4305141255869,(주) 윤박박,인천광역시
111,백경희,1802132339406,강김노,음성군
112,김진호,1103062995538,김김,세종특별자치시
113,박현지,6702251009188,(유) 이,인천광역시
114,심우진,1204021744355,신이,대전광역시
115,이서영,7006242709687,유한회사 장이김,세종특별자치시
116,김지후,6604292842202,(주) 김,대전광역시
117,조영호,2809161113633,(유) 김,광주광역시
118,양영환,1800031010882,박이박,횡성군
119,박영미,7002112011216,최김박,안산시
120,김중수,9506251679933,김최,광주광역시
121,박준서,1804131949386,유한회사 서박김,화성시
122,김옥자,5308242711446,(유) 김권이,대구광역시
123,이영수,4807052563345,김이이,인천광역시
124,장현지,0907121807200,주식회사 김,공주시
125,김정식,3804181833330,김김,광주광역시
126,권예원,8700231086202,(주) 박고노,대구광역시
127,강서연,3502142378441,유한회사 김이김,부천시
128,황영호,1201091640913,박김,괴산군
129,박명자,7301291605818,최문최,부산광역시
130,윤성민,8309122053034,(유) 이김윤,광주광역시
131,박혜진,6900051530041,유한회사 김,수원시
132,이지현,9704092790426,유한회사 윤진최,태백시
133,박동현,4709291563880,이김류,고성군
134,김상철,9008211211423,주식회사 김,대전광역시
135,문영호,9600001653803,이김,대구광역시
136,이준호,5905242088569,(유) 이,가평군
137,김정훈,9207052124904,주식회사 김,영월군
138,이동현,0803012809423,(유) 한김김,인천광역시
139,이종수,4506122319290,유한회사 문이이,보은군
140,이순자,8106022315118,주식회사 김박이,부천시
141,최서영,0707211381793,오박배,광주시
142,김준서,0809081878545,권이,안산시
143,김지혜,2605162019809,김배,인천광역시
144,김서영,1408182196357,안김서,대전광역시
145,이옥자,4901001616582,이서김,울산광역시
146,강선영,9806212871958,(유) 손남권,대구광역시
147,박현주,9409131529694,이이이,대구광역시
148,김숙자,6404072127262,오안,인천광역시
149,윤은서,0404091121740,이박,광주광역시
150,윤명자,5801091488825,(유) 박,대전광역시
151,이건우,3101202884796,문이,청양군
152,이영길,9804031731576,하박서,계룡시
153,김종수,6305252701407,이김김,부천시
154,김영숙,4908052428442,유한회사 주,광주광역시
155,김상호,3104161155192,윤박김,광주광역시
156,이유진,1106251689967,주식회사 강,광주광역시
157,이준서,9601242693021,김박,부여군
158,김정호,4102022276544,문서,부산광역시
159,박옥자,1803032771243,김오한,광주광역시
160,박정식,2505122034326,유한회사 이박최,증평군
161,박영미,4208242064393,이김,보은군
162,김지연,2001032544817,이이,수원시
163,안지원,3300061436011,이윤김,광주광역시
164,권영식,3802161333731,주식회사 박문손,당진시
165,김은주,1806261593952,유한회사 강박윤,울산광역시
166,김현정,6404101328333,박이,증평군
167,곽진우,7404202619634,안최,대전광역시
168,이혜진,7408271573075,차차,인천광역시
169,최순자,8102061786529,박김,옥천군
170,박현우,0100281685043,(주) 이임이,용인시
171,이상훈,6204161133951,최박김,홍천군
172,김영길,9300061747850,주식회사 우,옥천군
173,이영식,9205271032636,(주) 김한김,시흥시
174,이채원,5307171007700,서강최,광주광역시
175,김서연,2100141351746,주식회사 김,서울특별시
176,김수진,7304171930435,안전,금산군
177,최정호,9002012658038,장심김,안산시
178,윤예진,4607272384171,이황최,광주광역시
179,신예지,4603201007401,류박최,서울특별시
180,이도현,9101222055937,유한회사 김심서,서울특별시
181,이현지,9808251764580,주식회사 김이박,세종특별자치시
182,김종수,1800012570677,유한회사 이이오,천안시
183,강상현,9607242121370,장홍최,부산광역시
184,손민재,6205112370323,송이황,의정부시
185,김지훈,8709291128433,유한회사 유권주,금산군
186,최재호,3101142929801,(유) 김,세종특별자치시
187,김재호,3900252997819,신이,정선군
188,김영희,9203212113722,김이,부천시
189,김정자,6608081234667,오이강,단양군
190,류미경,7806262866892,주식회사 최김한,대구광역시
191,김채원,4706062313877,주식회사 하배이,용인시
192,엄예준,2000121681931,김진,양주시
193,곽영순,0709111535369,(주) 오,서울특별시
194,김현숙,8401141644663,(유) 한김김,원주시
195,김도윤,5003232206622,유한회사 박,성남시
196,전은지,0108141777139,주식회사 박,춘천시
197,김정식,0704241631523,김김,대전광역시
198,박옥자,3904191761483,김김류,가평군
199,이성호,2701211628321,김민김,광주광역시
200,박영호,2005112751190,유한회사 오하박,인천광역시
201,홍지은,0400012779560,이김엄,부산광역시
202,이정자,2904291877599,김양조,대전광역시
203,김현준,2001262972690,장박박,의왕시
204,김재현,6009202507378,손이,수원시
205,김민재,3809201560219,(주) 이,인천광역시
206,박순자,9809021663087,박손김,아산시
207,양영수,1806252239839,주식회사 이,서울특별시
208,박정웅,5701182876365,박권김,울산광역시
209,최진우,0603262523690,주식회사 이박최,용인시
210,김현지,0004292355023,이손,인천광역시
211,박영환,5808252094111,박최이,울산광역시
212,이병철,9008122627058,윤김박,대전광역시
213,박영진,8105242217290,최이,보령시
214,양상훈,1506201870945,(유) 이노오,세종특별자치시
215,고영진,3606151425652,홍김김,춘천시
216,김진호,4305152705216,이배,광주광역시
217,노성진,4804061450621,김장김,광주광역시
218,한수빈,4906261665234,(주) 나김박,양양군
219,김상훈,8800152605761,엄강,서천군
220,조준서,0102282811437,주식회사 최,포천시
221,김민준,0803001648615,유한회사 이이최,횡성군
222,이진우,0707001793556,김김,부산광역시
223,박옥자,2007132430974,유한회사 이배김,광주광역시
224,김하윤,4208102486399,엄오,부천시
225,김옥순,8808072774286,주식회사 정,과천시
226,이성민,3109141242181,(주) 민김이,대전광역시
227,노영순,6805051694298,문김주,울산광역시
228,김예원,5207231001114,(유) 김황최,청양군
229,전영숙,6106231407895,이김이,부천시
230,안서영,9804082749318,(주) 최,수원시
231,김영진,7003221479540,유한회사 김이양,울산광역시
232,심지후,4004292515864,윤강오,광주광역시
233,백현우,7505282550888,윤이김,인천광역시
234,김현정,7409092976992,유한회사 김김강,청주시
235,김영미,7800281368540,(유) 이최김,광주광역시
236,이미정,3405141895281,(유) 김이이,대구광역시
237,김승현,3207001613443,김박,원주시
238,손현지,5402011691953,김오,의왕시
239,박예진,0608171426523,김김이,광주광역시
240,김유진,8300232115856,(주) 장,세종특별자치시
241,정재호,4002052969619,(주) 권,연천군
242,서승현,6602141209884,최오서,세종특별자치시
243,김현준,9305201728275,김김김,태백시
244,장하은,0504221292499,배이,광주광역시
245,윤승민,6308101325290,류김,인제군
246,김영길,2105261014989,윤홍박,대전광역시
247,이예원,0508261419178,민강이,세종특별자치시
248,이윤서,2507081367129,(유) 박,부산광역시
249,김준서,5305182661188,강이,광주광역시
250,김도현,8504032295938,(유) 이,세종특별자치시
251,최옥순,6908012844428,(유) 이,화성시
252,최선영,0508192164340,유한회사 이김이,이천시
253,손미경,5000231356088,(주) 장,성남시
254,김경자,1505261758329,김최손,속초시
255,이서영,7206261944811,이김,서울특별시
256,김종수,9809252430438,유한회사 차최김,과천시
257,고윤서,6705112007414,박김김,평택시
258,이영자,5805131773207,(주) 이,대구광역시
259,김동현,0104192444325,김윤장,부산광역시
260,문명자,0708012750247,이이노,부산광역시
261,이지은,8900112561224,황나,부산광역시
262,김정식,7004201028515,유한회사 김,괴산군
263,곽정희,7508012128209,(주) 이,부산광역시
264,박성훈,8408292612318,(유) 이김김,울산광역시
265,나서영,9302062018503,이한이,오산시
266,안은지,1800261724499,주식회사 이허고,세종특별자치시
267,이재호,3001202265812,박주,수원시
268,이영식,0401211224970,민서,수원시
269,임정남,9500042852188,(유) 김나조,대전광역시
270,이서영,9304191622498,하류지,울산광역시
271,서도현,5505091807094,(주) 윤,인천광역시
272,문정남,1508092134631,송강김,금산군
273,양재현,7500231293480,(유) 강,음성군
274,김광수,1707281397915,황이,인천광역시
275,서영희,2408012087974,강황강,보령시
276,송중수,4509111371786,(주) 송강하,평창군
277,박정훈,7908272647400,(주) 김,서울특별시
278,송주원,4708102543770,(주) 노김김,단양군
279,김유진,9502282115070,윤이,과천시
280,권은지,1402131876177,주식회사 이박김,부산광역시
281,김지훈,0800292266773,김손,괴산군
282,김지연,8507221604816,(주) 서김이,광주광역시
283,김민준,0003272467941,김김이,용인시
284,박서현,3203162638731,유한회사 박박김,수원시
285,심동현,2907002223106,(주) 조김이,태백시
286,오지영,5208231820822,황이,대구광역시
287,장민석,4202212403998,이박,서울특별시
288,송선영,7506162565577,유한회사 김,부산광역시
289,강영호,2600081216357,김이윤,당진시
290,박아름,6102071074314,류최,삼척시
291,최영희,1805102506730,(유) 신,용인시
292,김예원,2701141780733,이김,평택시
293,김상훈,1805051849414,남박,인천광역시
294,김지우,6902282169006,김심,광명시
295,최예지,9700092701329,지오,울산광역시
296,김예준,5503041073312,안김최,대구광역시
297,김성민,9108032924593,이임이,인천광역시
298,김정숙,3108252487690,(유) 최최이,정선군
299,이영자,9602292775842,(유) 김,세종특별자치시
300,김채원,3007011797182,주식회사 황김정,성남시
301,진미영,2308292437960,윤최이,부산광역시
302,배예원,2602191301218,주식회사 김,김포시
303,박중수,6307101044531,유한회사 박,부산광역시
304,송현주,8109291183988,유한회사 김윤이,오산시
305,김민수,5609221404033,한양이,정선군
306,문은경,8009141058441,(주) 이,고양시
307,김승민,8105131591104,유한회사 이권김,울산광역시
308,이하윤,6408212691953,유한회사 김오김,대구광역시
309,박종수,9304071314203,황노,부천시
310,김현우,8605101850082,(주) 서,안산시
311,이은영,0601132903439,김배,성남시
312,김진우,3409172001898,김최나,울산광역시
313,홍서윤,6801262651846,서김,양양군
314,권준호,6109151109045,남남최,제천시
315,이순자,3004012722034,장이전,오산시
316,김영진,7604252943825,류이,울산광역시
317,윤정수,5107152459749,김구,대구광역시
318,김미경,5106231864561,김이송,대전광역시
319,배명숙,5009131345706,유한회사 김,양양군
320,백정수,8004032545811,신김,용인시
321,최서영,4307151102948,김박오,울산광역시
322,송성진,1907182336188,박박김,동해시
323,류수민,0105201452590,유한회사 이,원주시
324,이지훈,5301251487274,최안,인천광역시
325,류정자,4102291791913,이윤,성남시
326,이지연,2207212999025,권김박,인천광역시
327,이병철,6307062924303,유한회사 박,울산광역시
328,김진우,6404052493530,신송이,안양시
329,김성수,9404041408773,(주) 이양김,충주시
330,김정희,9602141347814,이송김,용인시
331,이현우,0602081511690,유한회사 강,울산광역시
332,양영자,6608001999390,유한회사 엄,제천시
333,오주원,6809241354587,유한회사 김김장,양구군
334,문진호,3608152027335,주식회사 박최고,양양군
335,김영자,9208241514023,(주) 조,홍천군
336,박예진,2809031347741,(주) 강김오,서울특별시
337,김영환,9000052378619,안김,안산시
338,류영순,9507111858133,(유) 이,세종특별자치시
339,윤미경,1605232487910,김김,수원시
340,양우진,9201112361756,(유) 한이한,서울특별시
341,이종수,4301231819838,유한회사 홍홍박,세종특별자치시
342,곽주원,6609171517308,(유) 우심김,수원시
343,박민지,8006292037164,(유) 박,동해시
344,손민서,4105061385136,황황,인천광역시
345,김채원,6601252660570,김이진,평택시
346,김서윤,1202011636579,(유) 이김서,광주광역시
347,백현준,2809281766107,유한회사 김,부여군
348,김지현,1604211851517,김김배,광주광역시
349,엄민수,2307161733907,주식회사 최,과천시
350,윤미숙,1509182880012,김이,김포시
351,김성민,9408262706652,박강,인천광역시
352,이경수,3207171479630,오우김,대구광역시
353,박춘자,5005211008912,(주) 이,세종특별자치시
354,김수빈,7505152123146,유한회사 이장이,용인시
355,김수민,4304011018043,(주) 고김최,안산시
356,박정훈,9503202089473,박최,울산광역시
357,곽준영,0102072065027,(주) 허최김,강릉시
358,이성진,5901062098374,주식회사 박,안양시
359,주광수,7303142147316,김김,영동군
360,김예준,8506092468696,김류,구리시
361,김지연,0709081586793,박최김,안산시
362,박영철,2708032180476,배김김,울산광역시
363,윤미경,4006141668862,강고최,당진시
364,김상훈,1200292300350,유한회사 서이임,금산군
365,김보람,1207112635305,김조,수원시
366,김경자,9300271070170,주식회사 허박박,안양시
367,강지은,2108251941831,(주) 이이윤,포천시
368,박민수,5202072525216,유한회사 이주장,고양시
369,장숙자,6705271017797,김이이,금산군
370,박서윤,0404102398705,이김,김포시
371,성주원,5108231573721,(주) 김이장,광주광역시
372,최예원,9502152372885,김홍김,포천시
373,조경자,6605021519207,안이권,부산광역시
374,이광수,3005241460534,주식회사 이이백,인천광역시
375,이영길,0305232985701,주식회사 김,제천시
376,민숙자,7402152072098,김김김,청주시
377,주건우,0809241338844,(주) 김김황,여주시
378,박미숙,6306242755283,서김김,용인시
379,이예원,6902262933694,장박김,동해시
380,김영진,7400272293005,문박,포천시
381,이정수,7103061516144,안이남,광명시
382,최옥자,5604061826201,김김손,고양시
383,김영호,9407202508231,오고한,세종특별자치시
384,조수빈,0809092575179,유한회사 김,정선군
385,박은정,1406221297163,유한회사 이,울산광역시
386,김춘자,0608272437988,안윤류,인천광역시
387,강예은,2009191372708,김진,단양군
388,신민수,6703142038546,노박임,서울특별시
389,신지혜,4300011416495,(유) 이황이,세종특별자치시
390,박영숙,6700121425541,강최,성남시
391,백현주,1406221058836,김이차,서산시
392,이지혜,7305052867175,이김,광명시
393,전윤서,2007051510343,유한회사 이이이,광주시
394,이지연,5406192695779,(유) 황,대전광역시
395,장민석,7608252518304,이우윤,대구광역시
396,이춘자,1004162918132,주식회사 황,광주광역시
397,김영호,2806261110479,오홍홍,광주광역시
398,노현정,6609051972244,(주) 심,부산광역시
399,이은정,1800251507189,이김,평창군
400,류지아,5401221343136,하송,부천시
401,김도윤,4700211598154,유한회사 권주김,서울특별시
402,양영철,9507222988451,(유) 김김허,옥천군
403,박주원,9902021726587,유한회사 강,대전광역시
404,김영미,5509191824119,김최하,증평군
405,장경자,5804241423853,노최,부천시
406,박영숙,6301151120940,허이김,광주광역시
407,김영희,0904092654140,박이,광주광역시
408,박현정,8601132187631,이정,세종특별자치시
409,박예원,1105241324728,(유) 김김김,서울특별시
410,이영식,4905262854393,(유) 조조최,울산광역시
411,서춘자,2809282723852,(주) 이,천안시
412,이승민,8604181350862,(유) 김강최,세종특별자치시
413,류상철,8009262655683,(주) 윤김이,청양군
414,최승현,6009062995002,김김김,부천시
415,양정호,5001072410488,(유) 이이허,광주광역시
416,박영자,7203252943707,황김김,청양군
417,이상철,9707071623750,유한회사 김장김,광주광역시
418,이예원,8409062075523,최이하,천안시
419,박현우,4902231661915,(주) 권김이,시흥시
420,이시우,4708152970555,유한회사 김,광주광역시
421,장성호,6908091809753,주식회사 김,용인시
422,이영철,8202082308683,최이오,대전광역시
423,김순옥,7606012855792,박이,강릉시
424,손시우,2602122513769,(유) 김,동해시
425,황영수,1806032817623,김김박,대전광역시
426,김영일,0908092961516,유한회사 안,서울특별시
427,황진우,2003101668286,(유) 김,인천광역시
428,최광수,1704152756802,주식회사 박,세종특별자치시
429,김정남,4009042249657,(유) 박,부산광역시
430,정은정,6802272283595,(유) 김권서,성남시
431,박예진,0400222750550,박박,서울특별시
432,이숙자,6803271263394,주식회사 이,대전광역시
433,최지영,7901071026101,(주) 김,이천시
434,김수민,5904171212724,조박김,강릉시
435,김시우,6601231725761,김민,청양군
436,양영수,2206021316268,주식회사 박송김,당진시
437,김정순,7107021699791,주윤윤,논산시
438,김옥순,7303152842323,김이,진천군
439,최영미,2305212411291,백김,당진시
440,강예은,5607142010944,(주) 이오이,세종특별자치시
441,이현준,7701262018943,박김안,홍천군
442,박영숙,1609021576005,(유) 차,부산광역시
443,장우진,5807062635105,신김,동두천시
444,송영일,8509262945640,이노,서울특별시
445,강수빈,6809052418957,김오김,대구광역시
446,김준서,7205001769824,(주) 문이박,금산군
447,김재현,9201131410084,류김진,구리시
448,송서영,4306092923718,이김,인천광역시
449,박수민,9906052160110,김이김,영월군
450,박순옥,7901241632092,강김,당진시
451,김정웅,8905181434277,유한회사 권,울산광역시
452,박정희,7107191845011,이김박,세종특별자치시
453,박성현,1602031934479,(유) 이김김,당진시
454,장보람,1705042449978,이조,인천광역시
455,장현숙,4903051824984,배김,태안군
456,이경희,2408092919394,곽곽이,화천군
457,김옥자,9905032568324,서이한,천안시
458,이하윤,5806221459527,유한회사 박박안,원주시
459,김미영,0804181932361,박강황,세종특별자치시
460,이준영,8706222657052,(주) 박,세종특별자치시
461,김종수,4601021129595,주식회사 최,대전광역시
462,강지현,2508241224644,김박김,세종특별자치시
463,이현우,2401082149342,(주) 류김류,인천광역시
464,이광수,6601071800990,(주) 류,서천군
465,김유진,6102032330767,(주) 오황신,울산광역시
466,김옥자,4808121988120,김김문,정선군
467,김정남,7704101648779,박박,광주광역시
468,김상현,8204161713414,하장,광주광역시
469,양현숙,0104201997955,김장,춘천시
470,김영숙,8107111464131,주식회사 김,안양시
471,이경수,5404091744633,(주) 박,인천광역시
472,박영자,3006131507841,유한회사 이이김,구리시
473,황영환,4901001899264,권최김,서울특별시
474,박재호,1308001942201,최최,세종특별자치시
475,곽상훈,8403292196318,박안,하남시
476,이영진,6105061270413,유한회사 안김김,대전광역시
477,이지민,1702101746007,박김박,울산광역시
478,김윤서,0106222916809,이권,서울특별시
479,오은지,9800211086851,(유) 김,세종특별자치시
480,김서준,1305272377308,지이,인천광역시
481,이지연,6703252200619,주식회사 김,의정부시
482,이영순,8702191474383,김김,청주시
483,김순옥,6804292459938,이손권,울산광역시
484,이영수,6500101747036,이이노,용인시
485,장경수,1300132908924,(주) 이,대구광역시
486,박영식,1200102616647,서김,김포시
487,류영수,5603232763557,(유) 이김김,대전광역시
488,한성훈,9804122882415,한고,동해시
489,이은서,5802202194223,양박한,수원시
490,박동현,2304041454898,장박,성남시
491,이영수,9505132276748,김서서,대구광역시
492,남서준,3808132983401,(유) 배,증평군
493,이재호,1703122793967,이최,괴산군
494,황민지,4709231369216,최이이,천안시
495,김진우,7805202658377,(유) 한이김,안산시
496,김지우,8408101199025,민김,부산광역시
497,최재호,9501091397631,(유) 류,세종특별자치시
498,홍동현,3106141852899,김이한,서울특별시
499,송승현,8506051133904,김윤,세종특별자치시
500,우유진,8603192397460,구류장,동두천시
501,백춘자,1008142527834,주식회사 윤,청주시
502,김중수,6808122742822,주식회사 김,서울특별시
503,민혜진,2302161464728,류오,청주시
504,서광수,7500181172260,(주) 서최하,금산군
505,황윤서,9204091527915,주식회사 김,울산광역시
506,김우진,4103081277312,유한회사 이,서울특별시
507,장민재,6807121554005,유한회사 안이손,광주광역시
508,김동현,6301161271473,주식회사 박김김,울산광역시
509,안성민,1606051374188,송우최,수원시
510,김영진,3706172414839,김이,군포시
511,정민서,3401232088392,유한회사 윤권손,세종특별자치시
512,김은정,7600242817104,이김,부산광역시
513,김지현,8403212694386,주식회사 송,당진시
514,이정순,5909281531364,유한회사 강,횡성군
515,이예준,9105172400696,노이,광주광역시
516,권정호,8301282812726,유한회사 이,안성시
517,박현지,8805072696452,주식회사 심,고양시
518,양춘자,2800261077785,이최,안산시
519,손지영,3209111770426,오김이,의정부시
520,김정수,0104141803163,박이이,인천광역시
521,하동현,4006082031373,유한회사 한최최,태백시
522,류예원,1406291302552,강남,안양시
523,지우진,9504251460248,이이김,울산광역시
524,심정희,2903231265435,유한회사 이김이,태안군
525,홍성진,8605212509637,김박,삼척시
526,신건우,0109151387824,김이전,세종특별자치시
527,김춘자,2101291907324,김지,대구광역시
528,이영미,7301031421302,(유) 이,부천시
529,김미정,0908212905937,(주) 김,고양시
530,류보람,0604211360129,유박허,정선군
531,강영식,8405182970083,양신,서울특별시
532,강혜진,5205101494766,안이,태백시
533,허민석,4506202328135,주식회사 장윤장,괴산군
534,최수민,4009221866217,(유) 정,인제군
535,손정호,8905272011703,주식회사 김,대구광역시
536,박현준,7201101658234,(주) 윤이최,대전광역시
537,박숙자,2800222174241,주식회사 한윤김,보령시
538,김승현,2702071136775,김황조,세종특별자치시
539,이숙자,8305202010941,(유) 이이이,용인시
540,류도윤,2207112681748,(유) 최강김,서울특별시
541,김정웅,7502142759750,(유) 조이김,음성군
542,류하윤,6305281792975,김이양,부산광역시
543,홍정호,3908231523374,이김문,청주시
544,김민준,4708281872642,최서오,서울특별시
545,김수빈,2404012134809,주식회사 김,울산광역시
546,송아름,9501021090051,유한회사 이,의왕시
547,박현지,2400001438245,한김,부산광역시
548,주아름,2300251573123,최장,대구광역시
549,황숙자,9801062849958,장최최,동해시
550,양중수,9704271106098,김김,보령시
551,안현정,4903051653121,서박,울산광역시
552,김영수,8503182771212,(주) 오,금산군
553,김영철,8206181761437,유한회사 김유김,대전광역시
554,하은지,3604022273871,(주) 김,광주광역시
555,강민지,4109071178548,(유) 손,음성군
556,이경자,2308271728125,(유) 문김허,광주광역시
557,문재호,6605081337342,주식회사 박안박,광주광역시
558,황정수,6009172496755,박이,안양시
559,최준혁,9008201039410,(주) 김이김,금산군
560,이성호,6203252778353,(주) 김,부산광역시
561,장영호,8704122904321,(주) 박강김,안성시
562,김현준,6400111319114,고백곽,보은군
563,하광수,7003261213510,주식회사 김이박,광주광역시
564,이준혁,5207242354424,(주) 이,광주광역시
565,권성민,4701191870540,강심이,포천시
566,이영수,6404062471066,김안김,부여군
567,이정수,7304232581113,박강,대전광역시
568,박정호,3501241493068,주식회사 김오윤,서울특별시
569,김민준,7308271554225,박서,서천군
570,김지훈,4701021105933,(주) 박,대구광역시
571,김정호,9401012813070,(주) 강,춘천시
572,박상훈,7407271449972,(유) 윤,세종특별자치시
573,서하윤,9106282375960,강최,인천광역시
574,오성진,4308122207520,허김남,고양시
575,김수진,8603291189079,윤김김,금산군
576,권영순,9201001974832,(유) 차,의왕시
577,류예준,2001092832131,강나이,부산광역시
578,박도윤,1002162605591,유한회사 이신구,인천광역시
579,박현준,5800112916156,배강,성남시
580,장상철,8607092585764,최안김,과천시
581,김영숙,3009121530731,권이이,속초시
582,김성진,1004051191846,배장박,태안군
583,김윤서,9703061372767,주식회사 박김이,금산군
584,이선영,3804162989160,(주) 김,성남시
585,김은경,9901251113661,(주) 김황박,성남시
586,김미영,1701062739927,박김,서울특별시
587,김숙자,7102022662067,주식회사 김,광주광역시
588,허지현,5900191751919,(유) 이이이,오산시
589,이지영,9907091021319,이이,세종특별자치시
590,김병철,7901222567706,유한회사 윤최서,대전광역시
591,김경숙,8602212260851,김박,수원시
592,최순자,5804192756194,김양,가평군
593,장상훈,1504072147742,(주) 서배조,성남시
594,양예준,0605261296334,류오이,안산시
595,이민서,3402092162579,고장,부산광역시
596,이성호,7902121480250,김이김,보령시
597,김영자,6502062078795,주식회사 박,서울특별시
598,이성현,9903142121756,유한회사 한김김,충주시
599,박민수,2906282752583,최조,춘천시
600,박숙자,2007012763315,조김,여주시
601,노은주,4006091526791,문류,인천광역시
602,이민재,5704001063342,유한회사 손,서울특별시
603,안승민,5802031336295,정박강,삼척시
604,이재호,1307262574059,유한회사 임백이,금산군
605,이옥자,6403212926969,문박최,대전광역시
606,김현숙,0908162261762,유김양,대구광역시
607,이영희,2907271429523,(유) 문,대전광역시
608,백도윤,2804021384774,유한회사 박,인천광역시
609,박민수,4206111850824,유한회사 임김이,계룡시
610,오우진,6605121567108,서박,여주시
611,최영환,6106232658814,허최,양양군
612,윤재현,4704002159133,이강,용인시
613,박현지,1702092016560,(유) 김이김,광주광역시
614,이종수,1808252954942,(유) 박서김,여주시
615,최은서,3800122637740,이김,세종특별자치시
616,윤지혜,2903262299976,(주) 강이장,대전광역시
617,김영순,9801021801636,윤이오,부산광역시
618,김민석,5800191854859,박황최,시흥시
619,우하은,0603251129661,(주) 한,부산광역시
620,김건우,5301051140043,김홍,부산광역시
621,박경수,0907141083061,(주) 백나이,인천광역시
622,서미경,0800012174890,이최김,성남시
623,박지혜,2602291500428,김김,양양군
624,남정남,0805121996217,송권,광주광역시
625,김서연,7702091561992,전김나,울산광역시
626,윤민재,8604182325335,김김이,광주광역시
627,백정웅,3106211213580,박문,옥천군
628,강미정,9008172141968,유한회사 김김안,남양주시
629,박예진,9203071229624,이홍김,정선군
630,김지영,5908091805209,(주) 김윤김,아산시
631,성민지,4708102472496,김장서,옥천군
632,이지아,5607131423612,권홍,용인시
633,최준서,8800122331199,(주) 박김양,부산광역시
634,이영길,3304071284438,유한회사 최김이,울산광역시
635,이지훈,7909272138128,류김,서울특별시
636,지지원,8601152028922,유한회사 김권구,대구광역시
637,김예지,6303222390923,남이김,과천시
638,문명숙,9207072788947,최양안,대구광역시
639,김경희,3508092294113,주식회사 김지나,천안시
640,장영철,1401062171403,이윤김,용인시
641,이지민,0602261120098,(주) 김,수원시
642,이정숙,9806132528684,유윤김,세종특별자치시
643,윤주원,2707212628482,주식회사 이,광명시
644,이성호,8505041774140,김오,공주시
645,김지민,8309162664291,(유) 양,광주광역시
646,김미경,3003101720641,(주) 백손김,예산군
647,최은경,9105141379056,남김,인천광역시
648,이민수,7506162469969,(유) 고,광주광역시
649,강은주,3701012109233,(주) 박,남양주시
650,김은지,6307242371847,주식회사 심한유,강릉시
651,전은경,6902131107522,권김오,세종특별자치시
652,박예원,2009101403338,(주) 김류조,서울특별시
653,서숙자,5006271615793,박박,대구광역시
654,최수빈,1200212691855,배김김,부산광역시
655,김재현,0602072325924,김김,인천광역시
656,정지우,5801172312984,유한회사 박,군포시
657,이정순,7005281743603,주식회사 문남이,춘천시
658,엄성현,0206061718401,홍김이,인천광역시
659,이예지,7401092065436,손김,부천시
660,손경자,9400211329373,주식회사 안남안,서천군
661,심영식,7006092101948,유한회사 권이박,수원시
662,최영자,9909222697158,김박,대구광역시
663,최미경,0907251960864,박강심,화성시
664,허미숙,7507132434187,(유) 강,성남시
665,최정순,7808171112946,차김,천안시
666,문민석,3602191336872,박김강,대전광역시
667,김혜진,8402051593993,유한회사 이,성남시
668,이준서,6502051549718,(주) 김허김,부산광역시
669,한정호,7703011780810,최이,인천광역시
670,이수민,0807132987333,이김조,용인시
671,이성호,4509251942034,한임,아산시
672,김지아,6005202494923,이민,청양군
673,김정희,8004052525458,이박이,부천시
674,안민재,5901102270463,유한회사 곽오김,대전광역시
675,오영철,4703212001038,김김서,양구군
676,홍현주,6701201137908,(주) 박김손,서울특별시
677,김숙자,5802142585130,양김이,대전광역시
678,박영식,9307231110864,김김,논산시
679,박미경,9900192641103,김김황,철원군
680,오예진,8502092071095,최이이,세종특별자치시
681,유종수,9604062819776,유한회사 김,영동군
682,김정남,2105221409559,박김,세종특별자치시
683,장영식,0302132498186,주식회사 고,대전광역시
684,이상훈,5907141540619,(주) 주김최,남양주시
685,김준서,3908101726999,(주) 한김정,수원시
686,김수빈,3101202167654,유한회사 한,세종특별자치시
687,이현우,0102271514942,김문이,광주광역시
688,김지현,1601042064465,강이이,충주시
689,정춘자,0601071240697,주식회사 박,광주광역시
690,이수진,6206072962172,황백,광주광역시
691,이영수,6209101249193,유한회사 윤최김,삼척시
692,이보람,6404281725407,박최송,부천시
693,황시우,8608212514903,유한회사 박황박,광주광역시
694,김아름,3700252781366,(유) 박박주,울산광역시
695,박시우,0800171960967,손안안,강릉시
696,안준서,2804212163053,(주) 강박최,여주시
697,박아름,8506052068243,(유) 최,부산광역시
698,이채원,6302081989741,(유) 문권김,인천광역시
699,박현숙,4204271191154,(유) 박,인천광역시
700,박영희,3307261651523,주식회사 안,홍천군
701,박시우,4209172004129,강김송,동두천시
702,이은영,5309031730946,주식회사 김박김,세종특별자치시
703,김현주,7601221634936,(주) 최,울산광역시
704,남상호,3200251334421,주식회사 이,용인시
705,박성현,4303251422370,(주) 이,평택시
706,고윤서,9808031288089,(유) 권정고,부산광역시
707,민진호,8503171070908,유한회사 이,울산광역시
708,김정희,8603141869587,주식회사 안김장,인천광역시
709,조상철,5805031211889,송신강,안산시
710,서현우,7302051584342,최백,안양시
711,최종수,5708102608223,안김손,인천광역시
712,최영호,0300232865370,주식회사 김,광주광역시
713,이영일,9202121479357,유한회사 김김최,용인시
714,장건우,2107081255279,박홍이,인천광역시
715,박은영,9503101004923,주식회사 이김남,수원시
716,박지훈,5601061915497,(주) 권,양양군
717,송선영,3906221526814,류류이,성남시
718,이성훈,8906152655066,(주) 박,하남시
719,이건우,8701182668282,주식회사 오심심,오산시
720,안민서,1002061767340,김박김,제천시
721,박상호,0601212899693,(주) 백,울산광역시
722,김성민,8107261238678,김이,천안시
723,김선영,1007081294578,(유) 김,울산광역시
724,이순자,8309251324822,주식회사 이홍류,대전광역시
725,박서영,7901111950036,(주) 이,홍성군
726,강영진,0209241830202,유한회사 백박김,서울특별시
727,주정훈,1309092837936,주식회사 이,울산광역시
728,최정호,7400242857229,최김,진천군
729,임예지,1509022397114,김민,부산광역시
730,박춘자,9405152225579,(주) 이,평택시
731,한성진,0309042519643,최류권,대구광역시
732,김우진,3702191493105,강이박,안산시
733,김지영,7805211603742,김고,광주광역시
734,남정남,7309251229227,배이김,공주시
735,이시우,4401151066024,(주) 김,부산광역시
736,권민수,7109242959925,허안,안양시
737,홍영환,6907161664429,(주) 전김이,부산광역시
738,박정호,6209002445089,(유) 진이이,광주광역시
739,서정웅,8406031134948,주식회사 강박안,시흥시
740,김수빈,9209212717881,주식회사 김,양평군
741,오도현,2904132350111,유한회사 배최최,용인시
742,허미정,6702271671680,(유) 송,당진시
743,김준호,3604171149470,오김김,대구광역시
744,이경수,3103132905856,김김문,세종특별자치시
745,김영숙,4909061316623,김민,부산광역시
746,박시우,8003241092120,유한회사 이,서울특별시
747,심예지,2301192467328,주식회사 하진최,인천광역시
748,김예준,5205031957113,주식회사 최이한,부산광역시
749,박성수,5208061774435,(주) 강장류,광주광역시
750,이민서,1207132891460,유한회사 장,광주광역시
751,이예지,3509112391813,주식회사 강이윤,증평군
752,김정호,3006252669472,(주) 최,서울특별시
753,이영진,6508291055167,이이,대구광역시
754,김상훈,4106011092923,김최,김포시
755,백혜진,2106081502131,주식회사 박,대구광역시
756,박광수,6406181696504,(유) 김,서울특별시
757,김은정,1207262261586,(주) 황,대전광역시
758,홍미경,9501112355110,홍김,세종특별자치시
759,이현숙,9506131704673,이김,인천광역시
760,이하윤,9105052704665,(유) 김양박,진천군
761,고현준,3104002683549,박이이,부산광역시
762,김숙자,6501081178363,김송김,양주시
763,이성호,5509151828321,고김,옥천군
764,장경숙,4906202789108,김김민,광주광역시
765,박은주,6006271436812,(유) 안유최,구리시
766,김현숙,3008092803428,이김,동해시
767,강숙자,7006032436457,유한회사 이,안성시
768,류미정,4102101444916,(주) 황김김,세종특별자치시
769,김미숙,2905062767931,주식회사 박,인천광역시
770,김영희,4709231007596,오박,논산시
771,권진우,9808082465797,김문박,정선군
772,최춘자,4703212570243,김김,인제군
773,김성호,9206172909867,박김박,의왕시
774,이진우,5306261277247,이박,용인시
775,이현정,3108112125880,주식회사 장,고양시
776,장현준,5402102662736,송서이,광주시
777,김예진,8803242441122,(유) 심윤박,대전광역시
778,고지영,1309272224424,이김,의정부시
779,강정남,1901101463317,손한김,세종특별자치시
780,이준호,9806202761163,주식회사 이,파주시
781,권옥순,6402001125205,(주) 박,인천광역시
782,김예은,4706071797618,유한회사 이안배,서산시
783,양명숙,9507082248043,유한회사 이,철원군
784,안진우,6402202164188,이장이,대구광역시
785,강미정,1206292868731,(유) 장고이,성남시
786,박영철,0801012676001,박이이,대구광역시
787,김서준,1504091645438,(유) 최강김,강릉시
788,김정순,5606152554215,김이,부산광역시
789,엄상호,8604082057478,유한회사 김이류,영월군
790,이상철,7503202893640,주식회사 김김김,성남시
791,류지훈,2408071207112,최이,여주시
792,이민준,3502262041835,이김,세종특별자치시
793,최민지,9609231370477,(유) 김김문,부산광역시
794,나상철,2406141195728,(유) 장우김,인천광역시
795,황영식,7203132063214,이김이,예산군
796,이지훈,6401002932652,주식회사 서,동두천시
797,서지혜,4306151182438,(유) 박,연천군
798,우상철,8501272519049,최이,영동군
799,김준서,8101252825980,하안문,인천광역시
800,박채원,0607091770295,김김,부산광역시
801,양정남,1905112130417,송최김,양양군
802,박지현,9100111759305,유한회사 오,울산광역시
803,권은지,3203222963859,(유) 황최장,보은군
804,남윤서,6308032394289,이송,울산광역시
805,김정웅,7307211106912,주식회사 신나엄,광주광역시
806,박성수,9706001180868,(유) 박심이,대구광역시
807,권하윤,3808122966380,유한회사 김,영월군
808,한지원,2603241442050,강민박,부천시
809,최춘자,4809191036044,주식회사 김,대구광역시
810,박도현,4300141037954,(주) 노,성남시
811,홍순자,4108012285773,(주) 박한서,용인시
812,김춘자,7807251197630,(유) 김윤김,대전광역시
813,최성훈,8809182334859,김강이,보령시
814,강승현,5805192164799,(유) 우김장,평택시
815,최정호,3903222322132,(주) 김박김,세종특별자치시
816,손정훈,2800202864271,주식회사 오김유,울산광역시
817,박영미,7405292406365,김안박,부천시
818,김도현,7801062739796,주식회사 박윤조,대구광역시
819,김도현,7406021650027,주식회사 윤,대전광역시
820,남성수,9701172721128,주식회사 박,대구광역시
821,민영일,6002291365132,김최송,부산광역시
822,임현숙,1101232279215,(주) 박,당진시
823,이영희,8906241731029,주식회사 박,세종특별자치시
824,이순자,2201041438355,유한회사 김최진,부산광역시
825,김상철,5209101772439,(유) 권,인천광역시
826,오순자,0703212359831,(유) 김,고양시
827,김지영,4608161131895,유이,동해시
828,하수빈,5604262550614,김홍이,대구광역시
829,박정호,8106282218429,김문이,수원시
830,류지아,9203102025582,(유) 박박김,대전광역시
831,송민재,2904061303939,이박,광주광역시
832,양미정,4707171246568,(주) 김,의왕시
833,윤보람,9602051223854,박김,부천시
834,김영철,2903032656191,(유) 이김지,서울특별시
835,김지민,3504131044961,(유) 이,홍천군
836,홍서영,6200112944774,(주) 송,청주시
837,하하윤,1509082064271,이김김,서천군
838,김광수,4006251984707,(주) 김,양양군
839,이상철,9105172958185,이이,부여군
840,최춘자,9103092223839,유한회사 이김이,대전광역시
841,양옥순,4504081625879,김장이,홍성군
842,김서준,9309212483085,박김,오산시
843,손민석,1502121774424,박김박,보은군
844,김성현,2802041131509,주식회사 홍권김,서울특별시
845,이상훈,5707151361117,김김,가평군
846,서상현,5300281465826,이김,고성군
847,윤경수,8806151258870,유한회사 하,대구광역시
848,박상호,5607192456851,김이,충주시
849,고경숙,8201092151612,박진,공주시
850,김상현,1209032864721,강최조,서울특별시
851,김상호,8802282871334,(유) 허황이,청주시
852,김서영,2105132465273,(유) 김,구리시
853,이영일,6808261512729,주식회사 김이이,울산광역시
854,김경수,5603292773244,주식회사 장김김,인천광역시
855,김은지,7304042169074,민이,안양시
856,김예준,8901031748475,(유) 이김서,부천시
857,임정호,1001012507715,김조,대전광역시
858,이서준,8602171556174,유한회사 김,부산광역시
859,최민석,0704032057291,유한회사 양,하남시
860,홍보람,8904152854051,김한문,대구광역시
861,양정식,6309021425183,이최,울산광역시
862,전서준,6705082843678,(주) 정,서울특별시
863,김지원,0301101409145,(주) 김이안,부산광역시
864,김상훈,9007042116076,성송,울산광역시
865,김옥순,8205152346872,주식회사 이,부산광역시
866,김은서,1304061150924,주식회사 허김김,양평군
867,노재호,4102121075794,이박이,부산광역시
868,박성진,8701271003182,주식회사 류,아산시
869,송성훈,2808272182272,한윤강,수원시
870,이준혁,6502001981686,안홍,광주광역시
871,장경자,2508172777532,윤주김,증평군
872,정재현,1904061611374,강박,대전광역시
873,이서윤,2202081641388,(주) 김,예산군
874,노미숙,1207112632335,(주) 강최박,부천시
875,이영호,5604242991135,주식회사 이이이,서울특별시
876,박영철,6100082338562,유한회사 김,부산광역시
877,김보람,7301221512587,이김,용인시
878,김지혜,8909282994573,홍윤,아산시
879,윤정자,8004181255650,손주,광명시
880,서경자,6702182092696,주식회사 김,음성군
881,강영호,1903182547847,주류,부산광역시
882,박상호,2206181159212,주식회사 이,울산광역시
883,오미영,0305221468809,(유) 한김박,울산광역시
884,오은경,2604161474265,(유) 김강이,강릉시
885,이현주,5104222838947,(주) 이김진,안양시
886,김종수,9207292877986,남차이,대구광역시
887,오우진,9507201450393,(유) 최,광주광역시
888,김은서,2100082203967,(주) 윤,광주광역시
889,허현우,5803201128358,유한회사 윤김최,부산광역시
890,허서현,6200062415326,유한회사 조,세종특별자치시
891,손지후,5805082659337,신김이,울산광역시
892,박혜진,8105072776849,이이,광주광역시
893,이은서,1005202454006,(주) 박,세종특별자치시
894,서영호,1400281121442,구신,세종특별자치시
895,손준호,8909132767292,(유) 윤고최,대구광역시
896,김준혁,8804102714514,이백김,평창군
897,최현준,7207122110873,김김오,수원시
898,한영순,7507031965408,김이,철원군
899,최영수,1801062634872,황이장,고성군
900,노서준,5302052250471,하윤김,수원시
901,진지원,5801021354737,유한회사 진박한,가평군
902,조준혁,5605162620664,김김홍,인천광역시
903,박예진,7104221082550,최허양,세종특별자치시
904,김경자,8406222356327,유한회사 이박이,대구광역시
905,김유진,3507171983467,(유) 이허박,구리시
906,최정희,1705242447853,(주) 배최권,서울특별시
907,김정남,7905072607392,문김이,부천시
908,조영환,8403141440879,주식회사 홍김강,대전광역시
909,박은영,3802092638233,윤이,부여군
910,이정호,3009152917645,김김,고양시
911,안성호,8700241351818,(유) 박,서울특별시
912,안영자,6902161653799,김오박,화성시
913,오진호,0405262376006,주식회사 김이김,홍성군
914,이승현,8903282250072,황허,부천시
915,이주원,1906242984722,(유) 김,서울특별시
916,윤옥순,5502061958682,권이권,하남시
917,김영일,7302241236546,(주) 박,고성군
918,김수민,3703091138923,배서,인제군
919,우정희,6100032811866,이이전,남양주시
920,이영자,9202292608080,유한회사 박,동해시
921,김영호,4200211781306,주식회사 황,양평군
922,강성훈,4003022165471,유한회사 박,천안시
923,김하윤,3206132418595,허이,수원시
924,강미영,1500131087508,(유) 황박최,동해시
925,장진우,9806281800786,(유) 이윤이,세종특별자치시
926,박민석,6805002719453,배심,인천광역시
927,노영철,5808221783930,(주) 전김진,부산광역시
928,최보람,6708251537914,(유) 이이김,대구광역시
929,이영희,9709012995608,이김,단양군
930,이지아,2502172959999,최이이,서울특별시
931,이준호,5907282397414,(주) 박김강,성남시
932,우현우,8001122736246,안김,대전광역시
933,이명자,6305182868430,정김,당진시
934,이경수,2505052611942,(주) 강이박,울산광역시
935,강재호,0902072504014,(유) 김,시흥시
936,김주원,0007122817216,유한회사 정박박,김포시
937,황시우,2906022277438,황최,동해시
938,안민준,3201142731624,장김,고성군
939,주명숙,7300021984855,김강이,울산광역시
940,손영수,3505191354681,김김최,대구광역시
941,박재현,9905271094374,유한회사 이,평창군
942,우정수,4206042303090,주식회사 이최김,보은군
943,김순자,8901281018579,최손김,과천시
944,이성민,3106102135118,이양이,대구광역시
945,조은지,8209111497243,(유) 엄고박,광주광역시
946,박영환,8409291018432,양최,금산군
947,박광수,5309052302613,(주) 김송이,서산시
948,류영길,7605061209588,(주) 한,양양군
949,김민준,6101052619912,안문,인천광역시
950,김동현,7104101070603,서백이,하남시
951,심상호,0409021010432,백손,화성시
952,이경수,5209021784266,(주) 김,태안군
953,최준영,6504031310712,김이이,울산광역시
954,윤진호,0304101948737,유한회사 권,광주광역시
955,이지민,1006172622538,최이,화천군
956,강예진,1007011024731,김김,부산광역시
957,김미영,1108222418290,김박박,부산광역시
958,김민석,6802001549771,(유) 이,용인시
959,임예원,5909131478553,김박최,부산광역시
960,김성훈,2801012172289,주식회사 조,인천광역시
961,김성진,9107271300801,유한회사 김,가평군
962,남영희,4003132608120,김이,보은군
963,최경숙,3908141517743,주식회사 손안김,서울특별시
964,박상훈,9301081738266,박최,고양시
965,박지훈,2404281419804,강백,광명시
966,홍지우,1903162053583,(주) 김,용인시
967,장광수,5003241194999,유한회사 김오김,세종특별자치시
968,이현숙,4200192757118,(유) 서이류,동해시
969,안지아,0800082710737,박김김,증평군
970,지경수,5407171503907,김장,울산광역시
971,류준혁,3205121040447,주식회사 이김김,대전광역시
972,허정식,3907212189680,(유) 최조강,대전광역시
973,진선영,0606021801836,김박,서울특별시
974,배영식,3209191051356,이서,삼척시
975,홍영미,1002172535385,주식회사 이이한,대전광역시
976,차준호,3304281893646,(유) 차,홍천군
977,박종수,5204172732035,(주) 박강이,울산광역시
978,김진우,2109021632316,이김박,파주시
979,구민준,1701092865775,권장이,고성군
980,이정웅,1708092438202,김서박,음성군
981,최상훈,7009262733732,(유) 이김최,울산광역시
982,곽서윤,2609212671871,유김손,세종특별자치시
983,김영진,3602291709233,주식회사 김,동두천시
984,황하윤,0306122830642,윤김김,부천시
985,안준영,6501102744538,(주) 박,청주시
986,권현우,8209271522530,(주) 김강박,서천군
987,장민수,7406011381376,(유) 박,천안시
988,강영수,4609191621946,이전,울산광역시
989,김정자,3709111822859,주식회사 오김홍,옥천군
990,박재호,9003272594988,(주) 백,서울특별시
991,박영미,4404271919683,최안,고양시
992,최주원,0201182495714,이양이,대전광역시
993,이민수,1500032528560,홍박심,공주시
994,이하은,0707122973695,유한회사 권,대전광역시
995,허채원,6709081784186,(유) 최,부천시
996,이숙자,4005161999270,문박,대전광역시
997,이명숙,8607071323652,김이,이천시
998,나상훈,4008212656444,(유) 이,서울특별시
999,장유진,3601012510345,박오성,공주시
