catch_id,payment_result,payment_time
0,18646,2024-05-22 03:30:23
1,40416,2024-04-30 06:38:08
2,76689,2024-04-29 15:02:15
3,22948,2024-04-29 00:13:57
4,83801,2024-05-03 20:08:07
5,80318,2024-05-21 15:11:11
6,49266,2024-05-07 02:12:01
7,52637,2024-05-17 00:23:52
8,10383,2024-05-21 05:27:33
9,58330,2024-05-10 13:10:24
10,89335,2024-05-14 01:13:28
11,74357,2024-05-01 23:41:22
12,29452,2024-05-03 16:11:55
13,98982,2024-05-16 21:51:25
14,39377,2024-05-11 13:21:41
15,64248,2024-05-23 15:30:40
16,33935,2024-05-14 13:28:40
17,55028,2024-05-15 16:31:49
18,17239,2024-05-03 10:52:48
19,35870,2024-05-10 04:51:31
20,45059,2024-05-22 22:39:01
21,71260,2024-05-21 06:20:46
22,86454,2024-05-05 10:23:35
23,5639,2024-05-14 06:12:27
24,64762,2024-05-20 23:55:55
25,88159,2024-04-25 00:12:12
26,89361,2024-04-27 17:07:32
27,95585,2024-04-27 21:18:47
28,48589,2024-05-10 11:12:03
29,58294,2024-04-25 22:14:25
30,80575,2024-04-26 00:19:36
31,74461,2024-04-28 06:51:26
32,31891,2024-05-08 06:51:55
33,36139,2024-05-08 16:27:02
34,48816,2024-04-26 19:41:37
35,86987,2024-05-08 16:15:33
36,71499,2024-05-09 15:10:33
37,61576,2024-05-05 03:56:14
38,67592,2024-05-19 17:34:54
39,39129,2024-05-07 08:48:20
40,29450,2024-05-18 09:29:26
41,89805,2024-05-16 13:15:03
42,91160,2024-05-03 21:53:53
43,26036,2024-05-21 16:04:27
44,58318,2024-05-06 09:00:21
45,17986,2024-04-30 11:58:48
46,10000,2024-05-14 07:44:44
47,46835,2024-05-18 16:06:19
48,77650,2024-05-24 03:45:15
49,28827,2024-05-04 09:12:02
50,97173,2024-05-12 10:59:18
51,48337,2024-04-24 15:41:33
52,67998,2024-04-30 07:47:38
53,24206,2024-05-07 17:46:07
54,83410,2024-05-23 23:35:37
55,19205,2024-05-07 14:12:30
56,49106,2024-05-16 04:51:29
57,13221,2024-04-27 02:30:19
58,73641,2024-05-21 08:30:36
59,9121,2024-05-23 04:01:17
60,78280,2024-05-11 08:28:36
61,23256,2024-05-01 22:48:50
62,9663,2024-05-07 21:01:15
63,47979,2024-05-10 19:04:53
64,83708,2024-04-28 01:41:50
65,41029,2024-05-18 06:44:12
66,52073,2024-05-13 09:34:45
67,64298,2024-05-12 15:10:20
68,68591,2024-04-28 16:45:36
69,32455,2024-04-28 09:15:47
70,94339,2024-05-19 11:11:21
71,37174,2024-05-22 07:07:31
72,74247,2024-05-12 10:03:00
73,23364,2024-05-02 11:41:50
74,92130,2024-05-01 09:42:46
75,61777,2024-05-24 02:24:17
76,82378,2024-05-20 04:54:05
77,56397,2024-05-11 10:08:24
78,38707,2024-04-30 13:29:30
79,53384,2024-05-04 06:43:10
80,76412,2024-05-22 14:42:52
81,56998,2024-05-19 15:00:04
82,14585,2024-05-17 11:16:29
83,34338,2024-05-23 02:13:43
84,49226,2024-04-24 18:12:21
85,50846,2024-05-01 04:26:12
86,24178,2024-04-26 07:29:25
87,92714,2024-05-04 22:21:50
88,93250,2024-05-14 15:43:40
89,74091,2024-04-25 22:39:41
90,25233,2024-04-28 12:39:51
91,63374,2024-05-22 01:45:41
92,26350,2024-05-14 08:58:18
93,97042,2024-05-20 04:26:27
94,88530,2024-05-19 11:09:02
95,25004,2024-05-24 04:02:29
96,64072,2024-05-06 20:05:02
97,56880,2024-05-02 13:00:51
98,7852,2024-05-15 21:51:47
99,32211,2024-05-14 13:49:24
100,72725,2024-05-03 14:48:53
101,67882,2024-05-01 17:15:21
102,16888,2024-04-25 16:12:31
103,85825,2024-05-15 08:29:23
104,86891,2024-05-10 02:34:31
105,65642,2024-05-14 10:11:59
106,18011,2024-04-30 17:08:41
107,74005,2024-04-30 22:11:22
108,19958,2024-05-15 21:15:24
109,65741,2024-05-11 06:38:15
110,75171,2024-05-10 01:52:41
111,54841,2024-05-05 02:31:33
112,57561,2024-05-21 20:34:08
113,53877,2024-05-19 13:12:53
114,61099,2024-05-11 16:17:34
115,79897,2024-05-05 08:39:09
116,32369,2024-05-02 02:51:57
117,47520,2024-04-26 04:02:06
118,62576,2024-04-25 23:19:39
119,64083,2024-05-05 05:12:29
120,21218,2024-05-07 15:04:11
121,49432,2024-05-17 17:27:34
122,19845,2024-05-08 04:31:19
123,47476,2024-05-12 02:31:24
124,91113,2024-05-19 11:54:10
125,8899,2024-04-29 10:47:42
126,12582,2024-05-21 19:40:31
127,60222,2024-04-24 14:40:17
128,32141,2024-05-03 12:42:46
129,18457,2024-05-09 10:31:58
130,88580,2024-04-28 09:04:34
131,58539,2024-05-07 18:23:08
132,15657,2024-05-05 19:00:27
133,66342,2024-05-08 05:34:52
134,27837,2024-05-18 10:54:50
135,21612,2024-05-15 17:26:43
136,64232,2024-05-06 03:50:35
137,56664,2024-05-23 18:16:58
138,46072,2024-05-18 07:33:15
139,20300,2024-05-17 08:01:13
140,50962,2024-05-09 13:19:09
141,12534,2024-05-21 14:55:31
142,94363,2024-04-24 14:00:19
143,93872,2024-05-02 16:39:21
144,25224,2024-05-16 06:23:28
145,71086,2024-05-02 14:31:14
146,38443,2024-05-08 02:15:19
147,97828,2024-05-13 00:11:53
148,96086,2024-05-12 18:17:42
149,54918,2024-05-15 02:21:01
150,10730,2024-05-09 13:29:25
151,31349,2024-04-26 21:51:10
152,85501,2024-05-19 11:49:23
153,55995,2024-05-11 06:50:07
154,65377,2024-05-09 16:11:15
155,28176,2024-05-14 21:13:33
156,48405,2024-05-09 21:32:19
157,71233,2024-05-17 05:32:27
158,29369,2024-05-19 07:12:44
159,65529,2024-05-07 02:39:08
160,30314,2024-05-11 14:40:01
161,96682,2024-05-17 14:49:13
162,20143,2024-05-17 05:06:04
163,10629,2024-05-21 13:04:45
164,34197,2024-05-21 19:39:58
165,95717,2024-05-09 13:49:22
166,88278,2024-05-03 01:26:02
167,12160,2024-05-05 02:43:34
168,80298,2024-05-07 17:57:43
169,63537,2024-04-24 13:57:01
170,54345,2024-04-29 02:05:10
171,47188,2024-05-03 12:35:07
172,14287,2024-05-21 18:26:16
173,90302,2024-04-24 18:21:17
174,56000,2024-05-09 11:14:02
175,39070,2024-05-18 08:50:24
176,39647,2024-04-29 19:36:52
177,56229,2024-05-23 07:23:46
178,68062,2024-05-16 00:33:12
179,22077,2024-05-09 08:48:03
180,21117,2024-05-10 06:29:15
181,13171,2024-05-19 13:22:35
182,48100,2024-05-14 15:22:16
183,20354,2024-05-16 08:50:01
184,26506,2024-05-11 05:39:24
185,45675,2024-05-20 15:41:19
186,19898,2024-04-29 01:24:56
187,62207,2024-05-20 16:43:37
188,74402,2024-05-20 04:20:22
189,58519,2024-05-13 00:51:28
190,39350,2024-05-05 15:10:06
191,63914,2024-05-03 14:34:33
192,36310,2024-05-10 10:39:14
193,44895,2024-05-02 09:36:53
194,8101,2024-05-19 05:05:11
195,86853,2024-05-23 23:31:58
196,92936,2024-05-19 07:34:31
197,99364,2024-05-16 11:55:58
198,26526,2024-05-20 22:45:08
199,49200,2024-05-02 03:20:05
200,80801,2024-05-14 17:44:31
201,69374,2024-05-06 21:38:57
202,28740,2024-05-01 00:15:18
203,35329,2024-05-21 21:51:31
204,15788,2024-05-09 23:55:35
205,51699,2024-05-10 07:32:03
206,52225,2024-05-04 09:38:26
207,66267,2024-05-19 02:18:38
208,31683,2024-04-26 04:13:41
209,40064,2024-05-17 09:57:08
210,36712,2024-05-19 01:40:14
211,83613,2024-05-08 23:46:21
212,88950,2024-04-26 14:51:41
213,85818,2024-05-23 03:43:47
214,53947,2024-05-02 19:32:16
215,5846,2024-05-09 13:05:00
216,11555,2024-05-22 13:36:11
217,95537,2024-05-11 16:29:35
218,52744,2024-04-26 02:48:57
219,8710,2024-05-19 21:24:06
220,25962,2024-04-30 12:53:08
221,80402,2024-05-18 09:15:42
222,43622,2024-05-21 17:14:14
223,88286,2024-05-08 00:39:36
224,93340,2024-05-08 21:13:12
225,12327,2024-05-07 04:30:51
226,29241,2024-05-07 04:59:16
227,93285,2024-05-23 10:33:40
228,50768,2024-04-26 18:08:39
229,69590,2024-05-16 06:12:00
230,79844,2024-05-08 08:47:34
231,20764,2024-05-08 21:31:33
232,72930,2024-05-12 17:29:46
233,85112,2024-05-06 05:59:52
234,31529,2024-04-28 08:27:28
235,87539,2024-05-15 22:27:11
236,36682,2024-05-18 13:16:42
237,65034,2024-04-30 13:46:05
238,81082,2024-05-11 04:22:19
239,91470,2024-04-29 20:45:21
240,64186,2024-05-05 10:07:11
241,8877,2024-05-05 04:22:31
242,77637,2024-05-02 00:45:20
243,6504,2024-05-05 22:23:04
244,54110,2024-04-30 17:59:31
245,11956,2024-05-19 11:15:39
246,61879,2024-05-15 22:58:31
247,23150,2024-05-13 01:18:30
248,6423,2024-05-04 22:49:43
249,63815,2024-04-29 02:04:53
250,86418,2024-05-22 02:32:08
251,83606,2024-04-29 20:39:45
252,85806,2024-05-05 06:08:44
253,81254,2024-05-15 06:09:25
254,66721,2024-04-24 18:45:23
255,48857,2024-05-17 06:07:16
256,77629,2024-05-05 15:22:35
257,41455,2024-05-12 18:32:19
258,56133,2024-04-28 19:43:46
259,99016,2024-05-02 17:58:32
260,59348,2024-04-25 16:57:47
261,7762,2024-05-12 17:01:24
262,32701,2024-05-05 18:22:23
263,62529,2024-05-21 09:24:24
264,46758,2024-05-22 03:24:41
265,13271,2024-05-18 00:28:55
266,5479,2024-05-11 17:54:17
267,61021,2024-05-10 22:56:17
268,93362,2024-05-02 16:08:03
269,19460,2024-04-24 21:45:46
270,83043,2024-05-20 02:25:19
271,73276,2024-05-14 13:20:26
272,33298,2024-05-23 09:56:27
273,65757,2024-05-14 08:55:40
274,57416,2024-04-30 00:14:51
275,73462,2024-05-09 05:01:23
276,6490,2024-04-26 02:52:16
277,42488,2024-04-30 13:50:33
278,78173,2024-05-04 01:44:18
279,82858,2024-04-29 00:48:24
280,22128,2024-05-04 23:21:33
281,17041,2024-04-26 15:39:42
282,77028,2024-05-17 05:57:30
283,35929,2024-04-26 02:09:03
284,63628,2024-05-14 01:52:32
285,91049,2024-05-16 16:15:57
286,20520,2024-05-13 23:02:25
287,61928,2024-05-04 21:39:47
288,80270,2024-05-24 01:19:16
289,10013,2024-04-24 15:30:39
290,84805,2024-05-16 04:57:02
291,34020,2024-05-23 00:56:32
292,8848,2024-05-07 11:24:12
293,72748,2024-05-02 23:18:49
294,64388,2024-05-10 15:00:33
295,74307,2024-04-30 12:33:44
296,42725,2024-04-25 01:14:51
297,58428,2024-04-28 02:38:08
298,7526,2024-05-09 19:03:16
299,63846,2024-05-11 17:59:32
300,95657,2024-04-29 23:13:35
301,76296,2024-05-14 11:12:27
302,45884,2024-04-25 23:36:46
303,5097,2024-04-30 21:15:43
304,7896,2024-05-14 06:02:47
305,16812,2024-04-29 22:03:11
306,95989,2024-05-18 23:18:19
307,73351,2024-05-02 13:30:43
308,57365,2024-04-27 05:44:49
309,33819,2024-05-11 20:17:45
310,26529,2024-05-11 02:50:14
311,93389,2024-05-08 16:48:01
312,92625,2024-04-29 02:26:17
313,28920,2024-05-02 06:54:19
314,6111,2024-04-25 18:38:07
315,91647,2024-04-27 14:49:18
316,51996,2024-05-21 23:14:06
317,32545,2024-05-10 13:09:47
318,38164,2024-05-05 15:34:09
319,75185,2024-04-25 09:06:24
320,95491,2024-05-14 16:16:38
321,83893,2024-05-10 07:28:14
322,49640,2024-05-22 06:57:34
323,23972,2024-05-13 04:14:22
324,94342,2024-05-04 04:59:28
325,66022,2024-05-06 01:35:57
326,15476,2024-05-22 06:36:18
327,68810,2024-04-30 22:39:56
328,25968,2024-05-09 19:37:48
329,62733,2024-05-13 00:08:34
330,41582,2024-04-26 11:22:37
331,31208,2024-05-09 05:43:09
332,78198,2024-05-05 03:50:09
333,50778,2024-05-21 01:04:08
334,64514,2024-04-25 14:17:05
335,75428,2024-05-22 03:23:54
336,35176,2024-04-27 20:27:16
337,6880,2024-05-06 03:29:28
338,68008,2024-05-13 20:32:56
339,80959,2024-05-05 10:26:41
340,8265,2024-05-15 21:03:45
341,19483,2024-04-25 07:15:02
342,62149,2024-04-30 04:38:26
343,33021,2024-04-29 12:18:14
344,69214,2024-05-15 08:58:46
345,8044,2024-05-09 07:50:21
346,93342,2024-05-20 19:54:39
347,25140,2024-05-05 05:53:34
348,71216,2024-05-02 05:31:06
349,41006,2024-05-18 10:28:09
350,53214,2024-05-10 16:29:53
351,18939,2024-05-19 20:49:38
352,96160,2024-04-28 16:04:33
353,87921,2024-05-15 16:04:21
354,76583,2024-04-26 10:51:43
355,27634,2024-05-18 03:29:21
356,23899,2024-05-13 05:30:03
357,31777,2024-05-08 15:02:07
358,10373,2024-05-06 11:13:56
359,83192,2024-05-23 09:28:20
360,85206,2024-05-10 19:01:30
361,85136,2024-05-13 15:27:14
362,81622,2024-04-24 18:04:31
363,60350,2024-05-13 04:45:57
364,62210,2024-05-13 17:31:39
365,63402,2024-05-02 02:51:55
366,80391,2024-05-21 05:31:57
367,75692,2024-05-09 09:05:25
368,37496,2024-05-15 09:56:59
369,29616,2024-05-13 07:55:37
370,49882,2024-04-30 10:44:46
371,96798,2024-05-22 08:52:12
372,99904,2024-04-25 01:01:45
373,76084,2024-05-03 07:09:23
374,32049,2024-05-20 16:35:24
375,53323,2024-04-25 13:56:50
376,97419,2024-05-14 16:23:39
377,12269,2024-05-24 07:07:52
378,26474,2024-05-07 07:28:08
379,20410,2024-05-13 22:25:45
380,62555,2024-04-24 23:46:16
381,23786,2024-05-19 15:26:13
382,49808,2024-05-18 19:32:13
383,29943,2024-05-18 22:53:01
384,15916,2024-05-17 06:17:42
385,39391,2024-04-29 12:00:11
386,59617,2024-05-12 09:47:00
387,34363,2024-04-25 16:41:17
388,35818,2024-05-01 01:47:47
389,94269,2024-05-21 14:08:40
390,33736,2024-05-12 21:20:05
391,78522,2024-05-02 02:12:41
392,88536,2024-04-25 09:37:44
393,54273,2024-05-23 22:54:27
394,33157,2024-05-19 21:23:30
395,43163,2024-05-06 00:07:04
396,73352,2024-05-15 03:15:16
397,49423,2024-05-10 04:19:23
398,38833,2024-05-17 04:55:20
399,40248,2024-05-05 06:48:36
400,58266,2024-05-18 01:25:01
401,19626,2024-05-19 08:48:49
402,49973,2024-05-19 15:01:32
403,45047,2024-05-09 03:13:36
404,25415,2024-05-20 16:09:38
405,96522,2024-05-09 04:23:02
406,62918,2024-05-10 13:31:40
407,99744,2024-04-30 04:51:31
408,62030,2024-05-02 06:49:33
409,34511,2024-05-10 06:34:12
410,29939,2024-05-01 23:16:03
411,64367,2024-05-06 03:09:56
412,5267,2024-04-29 09:08:50
413,15571,2024-05-15 19:36:47
414,55967,2024-05-14 03:24:00
415,5686,2024-05-12 06:41:09
416,94731,2024-05-15 16:05:26
417,50480,2024-05-19 19:01:06
418,18242,2024-05-16 21:46:42
419,96196,2024-05-10 21:44:27
420,40528,2024-05-05 05:38:35
421,8817,2024-04-29 15:29:51
422,32065,2024-04-27 12:11:50
423,62256,2024-05-18 11:30:46
424,46427,2024-05-14 11:49:29
425,69620,2024-05-19 03:00:26
426,6978,2024-05-04 12:22:38
427,6666,2024-05-08 04:01:50
428,43006,2024-05-18 00:43:29
429,93045,2024-05-12 23:27:16
430,40525,2024-05-02 15:03:26
431,56711,2024-05-18 12:20:43
432,13519,2024-04-26 07:57:13
433,53996,2024-05-24 06:52:15
434,68292,2024-04-30 23:16:46
435,20758,2024-05-06 17:40:18
436,93695,2024-05-02 19:49:49
437,66713,2024-05-19 09:57:55
438,77915,2024-04-28 15:03:20
439,45290,2024-05-20 01:35:56
440,4822,2024-05-20 21:56:16
441,8350,2024-05-22 11:07:36
442,15121,2024-04-25 21:31:01
443,24568,2024-05-23 14:26:35
444,51988,2024-05-02 20:11:55
445,39528,2024-05-12 16:17:44
446,78533,2024-05-17 16:06:32
447,35098,2024-05-15 19:43:05
448,41547,2024-05-21 23:57:01
449,96864,2024-04-30 17:49:10
450,9781,2024-04-25 06:44:28
451,49457,2024-05-06 02:27:45
452,21932,2024-05-11 15:27:51
453,81657,2024-04-30 09:06:11
454,15089,2024-05-18 20:37:43
455,42171,2024-05-12 19:37:39
456,18266,2024-05-08 02:42:08
457,18096,2024-05-09 18:33:18
458,96098,2024-04-26 02:10:53
459,31605,2024-05-11 20:18:25
460,5122,2024-04-24 19:25:47
461,21614,2024-05-03 02:03:42
462,80588,2024-05-18 07:31:23
463,50855,2024-05-23 12:21:55
464,54449,2024-05-16 11:51:50
465,44037,2024-05-14 18:00:25
466,60391,2024-05-04 07:36:14
467,88727,2024-05-18 09:47:41
468,87734,2024-05-23 08:51:03
469,15763,2024-05-13 04:29:27
470,86732,2024-04-25 19:45:39
471,28586,2024-04-27 22:57:59
472,84989,2024-05-11 16:48:47
473,61342,2024-04-28 04:13:14
474,84386,2024-05-04 20:48:46
475,11195,2024-04-24 13:42:03
476,53458,2024-05-02 09:56:55
477,99383,2024-05-20 01:14:33
478,47055,2024-05-17 03:48:43
479,41165,2024-04-30 10:41:55
480,99919,2024-05-13 10:06:18
481,30802,2024-05-17 04:35:20
482,18834,2024-05-23 18:54:50
483,78980,2024-05-09 04:22:25
484,50722,2024-05-06 12:19:24
485,57951,2024-05-10 04:46:58
486,70143,2024-05-08 21:32:59
487,20264,2024-05-04 15:15:45
488,75990,2024-04-26 13:33:30
489,40703,2024-05-22 15:31:19
490,97409,2024-05-19 23:31:02
491,36174,2024-04-24 14:09:15
492,24479,2024-05-17 08:05:23
493,87121,2024-04-30 06:27:45
494,74697,2024-05-17 10:30:52
495,83202,2024-05-05 11:26:30
496,41480,2024-05-02 07:37:03
497,96356,2024-04-29 12:45:37
498,44784,2024-04-24 21:27:46
499,75485,2024-04-26 07:56:11
500,6415,2024-05-09 05:16:08
501,99343,2024-05-04 19:36:48
502,57757,2024-05-09 08:44:36
503,63864,2024-05-11 15:00:27
504,71724,2024-05-10 03:26:37
505,16401,2024-05-03 13:58:48
506,11927,2024-05-20 01:30:13
507,81294,2024-05-14 14:21:56
508,72786,2024-05-07 16:26:50
509,23749,2024-05-15 16:07:37
510,18729,2024-05-08 08:29:49
511,67719,2024-05-13 00:16:54
512,92948,2024-05-21 22:26:42
513,81937,2024-05-01 16:32:51
514,44638,2024-05-03 22:04:01
515,91236,2024-05-03 08:44:07
516,75535,2024-05-22 09:09:46
517,17615,2024-05-21 16:00:53
518,99327,2024-05-13 00:16:52
519,21701,2024-05-18 01:27:02
520,35273,2024-05-17 17:15:00
521,62782,2024-04-30 11:59:04
522,90014,2024-05-01 23:44:12
523,19417,2024-05-18 06:37:51
524,24284,2024-05-09 18:27:04
525,22359,2024-05-20 02:13:12
526,84797,2024-05-02 13:26:12
527,62588,2024-05-10 03:07:44
528,21980,2024-05-19 00:34:10
529,96045,2024-05-07 16:33:33
530,81490,2024-05-06 06:45:43
531,89177,2024-05-07 04:42:02
532,30926,2024-05-19 07:31:20
533,41858,2024-05-12 23:28:48
534,91456,2024-04-28 01:44:54
535,80378,2024-05-18 08:16:42
536,84992,2024-05-01 22:04:52
537,5007,2024-05-02 06:27:26
538,69405,2024-05-22 07:04:01
539,43878,2024-05-19 03:52:32
540,97316,2024-05-03 23:14:13
541,44413,2024-04-30 08:29:16
542,33127,2024-05-13 11:03:38
543,70535,2024-04-27 10:28:54
544,31185,2024-05-01 20:31:24
545,76319,2024-05-15 08:26:01
546,69950,2024-05-05 00:16:51
547,81358,2024-05-09 06:54:08
548,59395,2024-05-11 16:22:07
549,62240,2024-05-20 05:15:42
550,32776,2024-04-25 00:53:44
551,80454,2024-05-23 00:08:18
552,35642,2024-04-30 18:55:23
553,12482,2024-05-07 14:45:39
554,50363,2024-05-05 08:20:31
555,28547,2024-05-10 20:22:43
556,16002,2024-05-11 12:13:08
557,37882,2024-04-30 12:06:10
558,61768,2024-05-05 18:37:42
559,94928,2024-05-09 18:10:48
560,60810,2024-05-08 22:23:54
561,7561,2024-05-22 06:29:16
562,18549,2024-05-14 23:11:30
563,85815,2024-05-17 07:05:28
564,37622,2024-05-08 19:10:02
565,41938,2024-05-04 19:54:49
566,14765,2024-05-24 01:03:49
567,19970,2024-05-23 20:37:11
568,16389,2024-05-17 20:48:33
569,32078,2024-05-16 12:40:07
570,26126,2024-05-19 15:14:20
571,72965,2024-05-12 01:29:22
572,83968,2024-04-28 23:09:57
573,11233,2024-05-22 13:13:37
574,96783,2024-05-18 11:15:59
575,44436,2024-05-01 09:05:07
576,59406,2024-04-25 02:52:28
577,8597,2024-05-12 04:39:34
578,80164,2024-05-14 18:32:06
579,14903,2024-04-29 04:59:06
580,28705,2024-05-13 19:59:01
581,90309,2024-05-03 03:30:40
582,34620,2024-05-01 23:34:44
583,39159,2024-05-04 02:45:53
584,34330,2024-04-28 00:19:23
585,86130,2024-05-14 05:55:18
586,22782,2024-05-22 23:09:48
587,49268,2024-05-08 12:21:49
588,87066,2024-05-05 08:04:56
589,10512,2024-05-21 18:22:57
590,5772,2024-05-06 19:23:10
591,64988,2024-05-04 07:45:33
592,13718,2024-04-24 13:48:20
593,88208,2024-05-08 16:18:28
594,65368,2024-04-24 14:38:11
595,89174,2024-05-01 06:27:44
596,21871,2024-05-14 21:41:32
597,67596,2024-05-12 11:06:20
598,68987,2024-05-07 10:47:39
599,32362,2024-05-16 02:41:50
600,88756,2024-05-03 07:47:06
601,32279,2024-04-28 18:42:10
602,8705,2024-04-30 10:58:28
603,64314,2024-05-20 01:04:09
604,87657,2024-05-01 02:49:08
605,57478,2024-05-10 06:23:03
606,28749,2024-05-11 02:26:48
607,74850,2024-05-22 08:20:21
608,62416,2024-05-07 19:23:54
609,52192,2024-05-02 03:24:49
610,26114,2024-05-04 17:20:37
611,95746,2024-04-26 04:58:03
612,76493,2024-05-01 11:12:03
613,15568,2024-05-13 18:21:47
614,70432,2024-05-14 12:18:59
615,6732,2024-05-06 01:44:04
616,27383,2024-05-14 21:03:33
617,16367,2024-05-16 12:49:24
618,21368,2024-05-23 11:57:30
619,42376,2024-05-09 10:50:59
620,61525,2024-05-17 16:57:32
621,64752,2024-05-04 23:05:24
622,22329,2024-05-03 05:31:19
623,31741,2024-05-06 00:27:15
624,76987,2024-05-11 06:32:01
625,26596,2024-05-23 07:59:16
626,17414,2024-05-16 02:22:35
627,64470,2024-05-16 03:28:57
628,61433,2024-05-06 05:53:39
629,5185,2024-04-28 06:22:39
630,52227,2024-05-08 01:47:44
631,65048,2024-04-30 05:16:15
632,71771,2024-04-26 19:47:53
633,30853,2024-05-21 09:33:16
634,84750,2024-05-08 12:27:33
635,67110,2024-05-17 23:37:06
636,43115,2024-05-13 21:01:33
637,88241,2024-05-03 19:39:20
638,14159,2024-05-10 10:06:43
639,28208,2024-05-20 06:25:49
640,84874,2024-05-04 00:14:12
641,13539,2024-05-22 03:25:50
642,70996,2024-04-29 23:57:58
643,42842,2024-04-27 01:28:56
644,60847,2024-04-27 09:40:57
645,66219,2024-05-19 08:41:37
646,69787,2024-04-28 21:23:54
647,58392,2024-05-02 18:20:32
648,81794,2024-05-01 00:54:47
649,57937,2024-05-20 22:58:21
650,31274,2024-05-24 03:36:04
651,33562,2024-05-08 03:46:18
652,60852,2024-04-29 17:00:56
653,81334,2024-05-07 14:17:19
654,83900,2024-04-28 13:49:33
655,5499,2024-05-01 03:17:43
656,84415,2024-05-02 05:06:23
657,83342,2024-05-06 16:41:38
658,28816,2024-05-18 04:28:04
659,16668,2024-05-18 21:39:59
660,6541,2024-05-04 12:23:59
661,24947,2024-05-18 23:45:40
662,67008,2024-05-05 23:44:50
663,90675,2024-04-30 03:35:40
664,66785,2024-05-18 18:10:56
665,13572,2024-05-01 23:39:07
666,68087,2024-04-30 12:00:39
667,36117,2024-05-21 17:49:18
668,53396,2024-05-05 21:06:43
669,45978,2024-05-14 21:38:37
670,57812,2024-04-26 13:32:30
671,68656,2024-05-20 05:01:49
672,26283,2024-05-03 14:17:50
673,70203,2024-05-14 01:00:37
674,81268,2024-05-13 21:38:00
675,26856,2024-05-15 03:37:04
676,47815,2024-05-02 13:12:24
677,65786,2024-05-10 03:02:47
678,40758,2024-04-25 09:30:02
679,87085,2024-04-29 12:02:29
680,91224,2024-05-18 11:25:29
681,53065,2024-05-16 15:09:38
682,40312,2024-05-13 06:13:15
683,86290,2024-05-23 20:08:23
684,56703,2024-05-18 18:45:45
685,88091,2024-05-05 08:03:49
686,97883,2024-05-01 17:05:21
687,49748,2024-05-16 08:58:53
688,13616,2024-04-26 00:38:13
689,53152,2024-05-11 00:30:14
690,63886,2024-05-19 01:04:47
691,66787,2024-05-04 21:12:13
692,26522,2024-05-11 04:48:08
693,5713,2024-05-18 03:55:06
694,34939,2024-05-23 12:52:52
695,77738,2024-05-01 02:00:40
696,69231,2024-05-11 14:42:19
697,17601,2024-04-27 04:53:28
698,65792,2024-05-23 00:51:44
699,32279,2024-05-04 15:09:42
700,34588,2024-05-01 01:14:54
701,63958,2024-05-15 15:37:01
702,82450,2024-05-12 18:17:31
703,25295,2024-05-23 13:38:18
704,58581,2024-05-19 01:12:34
705,14876,2024-05-02 13:03:01
706,34334,2024-04-27 11:04:36
707,84982,2024-05-21 06:05:22
708,97018,2024-05-04 16:09:43
709,42688,2024-05-20 22:31:21
710,59482,2024-05-06 20:52:53
711,79961,2024-05-15 22:12:25
712,14222,2024-05-20 02:45:47
713,80109,2024-05-03 04:38:12
714,30144,2024-05-09 07:25:57
715,49304,2024-05-11 15:08:11
716,38535,2024-04-30 11:54:10
717,56826,2024-05-11 18:54:01
718,24542,2024-05-23 14:56:37
719,51636,2024-05-04 16:32:39
720,58263,2024-04-26 05:42:42
721,98636,2024-05-21 01:11:06
722,54662,2024-05-10 22:29:41
723,59246,2024-05-11 10:54:53
724,60189,2024-05-03 00:56:27
725,64857,2024-05-22 01:31:16
726,60016,2024-05-02 20:23:06
727,83589,2024-05-09 06:44:57
728,69471,2024-05-15 13:23:50
729,6452,2024-04-28 15:32:21
730,24637,2024-05-11 01:59:48
731,28085,2024-05-23 20:13:30
732,95463,2024-05-24 01:04:33
733,77610,2024-05-14 19:58:55
734,59972,2024-04-30 15:11:20
735,78248,2024-04-25 14:25:54
736,52739,2024-05-21 15:46:24
737,42834,2024-05-08 21:42:46
738,80220,2024-04-24 21:37:52
739,77631,2024-05-11 09:29:33
740,58588,2024-05-07 12:09:00
741,35629,2024-04-27 11:33:26
742,40113,2024-05-21 06:44:05
743,35091,2024-04-28 13:55:17
744,25216,2024-05-17 14:21:09
745,10683,2024-05-13 05:58:38
746,45690,2024-05-14 17:02:00
747,78688,2024-05-22 05:00:27
748,91234,2024-05-17 12:36:07
749,94972,2024-05-12 06:40:36
750,45026,2024-05-09 20:30:49
751,52420,2024-05-03 04:51:57
752,51261,2024-05-01 19:29:26
753,39104,2024-05-04 23:13:49
754,94647,2024-05-05 02:49:01
755,96967,2024-05-24 07:47:31
756,27127,2024-05-19 08:54:34
757,5956,2024-05-09 05:21:54
758,26196,2024-04-26 23:16:17
759,22184,2024-05-01 21:46:38
760,10287,2024-05-03 01:41:02
761,80683,2024-05-20 01:26:32
762,23817,2024-05-11 07:03:24
763,40186,2024-05-04 15:30:50
764,33355,2024-05-11 16:47:04
765,74925,2024-05-10 03:26:31
766,22995,2024-05-16 18:03:45
767,69874,2024-04-25 06:17:38
768,94940,2024-05-16 21:06:00
769,44198,2024-05-07 10:13:29
770,63104,2024-05-02 16:55:40
771,25353,2024-05-13 04:42:32
772,12790,2024-05-13 11:37:14
773,96008,2024-04-26 12:49:12
774,83907,2024-05-23 21:46:48
775,61150,2024-04-25 12:05:18
776,21102,2024-05-15 15:26:42
777,75707,2024-05-23 10:24:52
778,52524,2024-05-15 09:30:56
779,10958,2024-05-17 10:05:39
780,29755,2024-05-11 16:14:45
781,53800,2024-05-17 07:00:56
782,72110,2024-04-27 08:03:35
783,27080,2024-05-04 17:58:20
784,67899,2024-05-09 08:59:51
785,46011,2024-04-29 09:32:45
786,16262,2024-05-19 20:44:06
787,8808,2024-05-03 07:21:47
788,52470,2024-05-20 00:25:08
789,28399,2024-05-22 09:26:03
790,79010,2024-05-06 12:17:43
791,94990,2024-05-23 02:30:42
792,58243,2024-05-03 19:07:48
793,62022,2024-05-20 03:01:12
794,91485,2024-05-18 20:19:45
795,88923,2024-05-17 11:35:37
796,22670,2024-05-04 09:28:44
797,9534,2024-05-11 07:35:50
798,85156,2024-05-09 09:02:38
799,52445,2024-05-19 23:47:34
800,10066,2024-05-21 11:40:05
801,14633,2024-04-27 21:56:55
802,8707,2024-05-19 17:42:24
803,72552,2024-05-14 03:45:34
804,93215,2024-05-20 01:19:58
805,90940,2024-05-13 01:53:44
806,71095,2024-05-14 00:04:54
807,70260,2024-05-06 18:05:10
808,82142,2024-05-13 00:23:55
809,50473,2024-05-05 03:39:14
810,64566,2024-05-14 04:17:13
811,88145,2024-04-29 02:05:26
812,54016,2024-05-01 21:38:34
813,33569,2024-04-30 14:43:31
814,40242,2024-05-18 15:43:55
815,30799,2024-04-28 07:29:39
816,69806,2024-05-08 23:06:37
817,7285,2024-05-11 13:48:38
818,98680,2024-05-09 13:02:09
819,91823,2024-05-19 07:12:07
820,41520,2024-04-27 17:27:35
821,41168,2024-04-30 00:52:50
822,15285,2024-05-19 00:19:50
823,14339,2024-05-13 12:37:37
824,56289,2024-04-27 09:57:40
825,62050,2024-04-24 23:10:46
826,46760,2024-04-30 13:24:07
827,63454,2024-05-11 04:10:43
828,54087,2024-05-17 03:08:37
829,28581,2024-05-15 11:35:25
830,90212,2024-05-06 02:56:30
831,61932,2024-05-18 00:57:19
832,69600,2024-05-17 09:58:06
833,36874,2024-05-14 19:27:08
834,84706,2024-04-30 02:18:31
835,33035,2024-05-14 09:28:51
836,64969,2024-04-25 14:33:01
837,86118,2024-05-20 04:13:41
838,93999,2024-04-30 20:52:05
839,11265,2024-05-21 06:04:50
840,75615,2024-05-02 11:59:10
841,20172,2024-05-08 15:03:13
842,73985,2024-05-22 00:45:36
843,7689,2024-05-10 18:06:25
844,81332,2024-04-24 22:23:00
845,7122,2024-05-13 17:05:34
846,66963,2024-05-22 16:35:33
847,62112,2024-05-12 02:17:30
848,89626,2024-05-12 16:44:31
849,4808,2024-05-19 00:32:59
850,28932,2024-05-08 21:00:29
851,23259,2024-05-21 22:35:47
852,7745,2024-04-28 18:59:56
853,82447,2024-04-30 09:47:01
854,9725,2024-05-10 18:36:41
855,19807,2024-05-06 21:58:41
856,47244,2024-05-05 15:07:52
857,23160,2024-05-07 11:19:41
858,45472,2024-05-23 18:29:54
859,40191,2024-05-18 23:03:15
860,90396,2024-04-25 20:07:36
861,79170,2024-04-25 17:54:01
862,48993,2024-05-23 09:34:41
863,12536,2024-05-09 12:17:31
864,18207,2024-05-21 05:18:35
865,80271,2024-05-13 13:15:20
866,86833,2024-04-30 23:50:06
867,68411,2024-05-12 09:36:49
868,50285,2024-05-05 06:05:15
869,15056,2024-05-08 22:59:36
870,47810,2024-05-13 09:09:17
871,46567,2024-05-05 09:58:03
872,44750,2024-05-17 23:38:19
873,34349,2024-05-21 23:09:01
874,42007,2024-05-16 19:07:42
875,93958,2024-05-07 05:59:05
876,66839,2024-05-04 00:22:08
877,66740,2024-05-01 17:35:54
878,25757,2024-05-15 17:57:21
879,91605,2024-04-24 13:26:03
880,6966,2024-05-05 07:40:56
881,15296,2024-05-10 01:19:19
882,30247,2024-05-03 13:37:44
883,55530,2024-05-14 15:03:13
884,44109,2024-05-19 22:06:15
885,48726,2024-05-03 00:50:21
886,48103,2024-05-05 12:59:58
887,24789,2024-05-05 20:20:26
888,40374,2024-05-04 05:44:27
889,35960,2024-05-15 20:45:10
890,55961,2024-05-02 22:24:00
891,5082,2024-05-01 04:13:01
892,27037,2024-05-11 00:26:03
893,94390,2024-05-10 21:47:04
894,96107,2024-05-16 00:39:33
895,86555,2024-04-25 18:29:52
896,37838,2024-05-04 00:25:57
897,10443,2024-04-24 14:11:09
898,12588,2024-05-15 20:33:33
899,32851,2024-04-27 20:07:18
900,70905,2024-05-17 14:32:21
901,60048,2024-05-03 21:09:08
902,63237,2024-05-06 07:50:19
903,50911,2024-05-05 23:43:52
904,17713,2024-05-13 16:49:35
905,99920,2024-05-02 23:52:18
906,61589,2024-04-27 22:45:08
907,41960,2024-05-19 10:24:32
908,59181,2024-05-14 13:51:11
909,40399,2024-05-16 05:48:20
910,71205,2024-05-05 14:23:48
911,74544,2024-05-10 11:59:25
912,61139,2024-05-12 18:02:15
913,57178,2024-05-08 19:09:11
914,78396,2024-05-04 17:18:15
915,73404,2024-04-29 00:35:44
916,22025,2024-05-05 07:02:27
917,90863,2024-05-08 08:00:31
918,44219,2024-05-01 01:00:19
919,52815,2024-04-25 22:47:11
920,16445,2024-05-09 11:56:46
921,57338,2024-04-29 04:14:31
922,59010,2024-05-24 04:43:44
923,18511,2024-04-26 23:21:03
924,47697,2024-05-11 08:57:33
925,36959,2024-05-08 23:28:43
926,59267,2024-05-15 10:45:21
927,54754,2024-05-22 06:59:04
928,57387,2024-05-16 18:16:46
929,93876,2024-05-07 08:45:11
930,11121,2024-05-12 16:08:42
931,93707,2024-05-15 17:23:41
932,33733,2024-05-08 11:58:45
933,42205,2024-04-27 17:41:04
934,78106,2024-05-23 07:29:55
935,8310,2024-05-04 14:17:23
936,39021,2024-05-14 08:27:18
937,24403,2024-05-05 07:34:39
938,15246,2024-05-18 12:08:44
939,39910,2024-05-18 20:29:46
940,7489,2024-04-26 10:19:07
941,63533,2024-05-10 04:27:37
942,75711,2024-04-29 01:54:50
943,4852,2024-05-07 21:36:04
944,59326,2024-04-28 00:57:24
945,11214,2024-04-30 15:58:57
946,28353,2024-05-04 12:08:54
947,30752,2024-05-22 21:02:04
948,11336,2024-05-06 21:53:02
949,97575,2024-04-24 18:56:22
950,48164,2024-05-11 07:15:20
951,53733,2024-05-22 05:03:19
952,40021,2024-05-10 04:50:37
953,59725,2024-05-21 09:36:11
954,88602,2024-05-12 18:28:58
955,97029,2024-04-29 01:58:18
956,43187,2024-05-06 08:34:19
957,55488,2024-05-12 16:12:00
958,59825,2024-05-10 03:09:17
959,27997,2024-05-18 08:40:00
960,13243,2024-04-25 13:44:54
961,74387,2024-05-15 20:13:23
962,65548,2024-05-08 06:56:19
963,56788,2024-05-11 21:13:22
964,99169,2024-05-16 06:16:29
965,69255,2024-05-03 16:10:26
966,38896,2024-05-08 20:00:27
967,55675,2024-05-20 16:59:31
968,72366,2024-05-18 14:16:51
969,75092,2024-05-02 08:09:34
970,79788,2024-05-20 20:57:22
971,40695,2024-05-17 23:17:14
972,26791,2024-04-27 04:18:37
973,46168,2024-05-18 09:29:55
974,76798,2024-05-23 17:56:28
975,9942,2024-05-14 04:29:43
976,81746,2024-05-05 13:49:51
977,88940,2024-05-01 12:44:47
978,7544,2024-05-14 23:51:54
979,56570,2024-05-09 02:00:24
980,65997,2024-05-14 19:37:23
981,8077,2024-05-07 16:41:24
982,78835,2024-05-04 17:54:46
983,41613,2024-05-21 08:05:54
984,48097,2024-05-06 03:04:09
985,92271,2024-05-23 01:43:05
986,50830,2024-05-12 05:32:03
987,26867,2024-04-27 09:20:24
988,67801,2024-05-17 01:10:19
989,53233,2024-05-01 23:20:43
990,28387,2024-04-26 10:19:19
991,22488,2024-05-07 21:04:40
992,80430,2024-05-09 08:25:04
993,86016,2024-04-27 22:49:06
994,41626,2024-05-14 19:52:53
995,79966,2024-04-26 14:03:16
996,76459,2024-04-30 18:52:38
997,11244,2024-05-23 10:10:40
998,78932,2024-04-30 21:08:39
999,15944,2024-05-18 15:26:45
