catch_id,call_id,driver_id,catch_time
1,559,239,2024-05-21 11:18:42
2,531,668,2024-05-16 23:29:44
3,813,937,2024-05-05 08:23:45
4,314,692,2024-05-01 04:09:46
5,94,370,2024-04-25 07:41:11
6,3,474,2024-05-13 01:57:39
7,934,281,2024-05-23 07:59:52
8,18,742,2024-05-15 02:08:05
9,877,900,2024-05-23 08:26:14
10,954,283,2024-05-11 01:47:35
11,87,184,2024-04-26 21:42:27
12,925,114,2024-05-14 21:41:34
13,142,12,2024-05-15 10:01:38
14,71,877,2024-05-03 04:09:50
15,188,643,2024-04-25 20:25:53
16,60,821,2024-04-28 13:56:29
17,995,997,2024-05-14 13:24:43
18,447,419,2024-05-11 10:12:28
19,531,585,2024-05-14 23:51:35
20,329,344,2024-05-08 15:43:58
21,561,671,2024-05-19 07:32:49
22,244,598,2024-04-24 07:50:41
23,264,12,2024-04-25 09:44:01
24,72,956,2024-05-13 16:45:33
25,889,902,2024-05-05 05:32:52
26,10,621,2024-05-10 15:56:32
27,148,92,2024-05-18 00:01:02
28,252,647,2024-05-06 21:53:10
29,102,182,2024-05-02 14:20:40
30,238,418,2024-05-02 15:21:36
31,794,129,2024-05-11 15:59:18
32,731,561,2024-05-13 23:45:42
33,811,507,2024-05-07 14:19:45
34,904,436,2024-04-26 04:26:00
35,336,18,2024-04-26 11:12:26
36,479,325,2024-05-07 22:52:35
37,686,428,2024-05-20 15:41:35
38,352,640,2024-05-23 05:51:12
39,167,916,2024-05-10 17:38:40
40,74,715,2024-04-28 23:13:54
41,579,443,2024-05-16 16:11:43
42,277,220,2024-05-03 15:40:44
43,560,800,2024-05-15 22:39:11
44,40,511,2024-05-22 15:07:05
45,938,580,2024-04-26 00:47:23
46,752,664,2024-05-16 21:41:28
47,631,510,2024-05-12 08:37:32
48,852,91,2024-04-27 06:57:30
49,212,986,2024-05-15 08:00:15
50,493,821,2024-04-28 03:08:36
51,260,166,2024-05-17 23:55:40
52,223,485,2024-05-13 13:04:49
53,103,446,2024-05-16 17:22:59
54,218,356,2024-05-10 12:40:26
55,329,948,2024-04-29 07:27:07
56,73,971,2024-05-01 12:41:18
57,643,509,2024-05-13 15:41:58
58,575,974,2024-05-14 08:11:27
59,74,297,2024-05-14 16:12:45
60,371,598,2024-05-09 18:51:20
61,127,27,2024-05-23 16:21:01
62,148,252,2024-04-29 10:02:25
63,57,895,2024-05-10 19:53:06
64,619,773,2024-04-27 01:23:42
65,412,731,2024-05-23 05:53:36
66,386,586,2024-05-20 23:40:06
67,950,704,2024-04-30 09:44:32
68,878,608,2024-05-19 19:46:47
69,223,127,2024-04-29 16:00:08
70,731,399,2024-05-21 13:53:43
71,210,389,2024-05-02 14:12:52
72,284,202,2024-04-26 05:40:56
73,638,526,2024-05-05 18:17:10
74,961,141,2024-04-27 01:19:08
75,618,161,2024-05-13 19:46:48
76,625,245,2024-05-02 14:21:01
77,554,309,2024-05-20 09:48:35
78,309,131,2024-05-19 12:06:29
79,91,135,2024-04-28 19:43:24
80,462,851,2024-05-17 08:43:25
81,305,967,2024-05-19 23:09:43
82,281,798,2024-04-27 21:47:04
83,514,899,2024-05-04 13:57:05
84,449,171,2024-04-30 03:43:57
85,317,567,2024-05-16 09:08:06
86,810,610,2024-05-01 13:56:52
87,75,650,2024-05-04 03:36:37
88,449,68,2024-05-03 09:53:36
89,657,947,2024-05-11 22:46:57
90,573,316,2024-05-07 14:30:56
91,856,159,2024-05-16 10:06:23
92,83,803,2024-04-24 11:36:57
93,174,113,2024-05-10 06:45:08
94,917,976,2024-04-29 16:53:40
95,776,938,2024-04-27 17:15:28
96,987,773,2024-05-18 21:41:21
97,982,653,2024-05-04 14:47:28
98,657,435,2024-05-01 15:33:37
99,142,369,2024-05-23 22:09:44
100,488,928,2024-05-24 00:30:52
101,255,805,2024-05-03 04:18:12
102,226,247,2024-05-07 00:13:13
103,9,93,2024-04-25 06:46:39
104,174,821,2024-04-24 03:04:10
105,918,143,2024-05-18 11:21:11
106,689,232,2024-04-30 22:01:07
107,315,259,2024-05-03 03:54:41
108,110,716,2024-04-25 05:47:14
109,682,673,2024-05-07 15:01:14
110,40,996,2024-04-24 04:39:16
111,906,147,2024-04-24 16:36:24
112,1000,60,2024-05-17 10:43:02
113,636,579,2024-05-16 03:34:03
114,813,198,2024-05-08 17:28:08
115,791,628,2024-04-30 23:22:19
116,898,27,2024-05-09 11:35:47
117,88,546,2024-04-26 06:44:14
118,450,656,2024-05-12 15:44:40
119,467,462,2024-05-12 00:39:44
120,669,307,2024-05-21 16:01:14
121,26,551,2024-05-19 14:55:14
122,855,959,2024-05-19 18:34:26
123,91,700,2024-05-03 00:45:59
124,135,865,2024-05-10 09:20:54
125,872,12,2024-05-19 08:18:44
126,691,94,2024-05-20 22:10:58
127,173,211,2024-04-24 17:52:14
128,241,531,2024-04-29 23:00:27
129,141,602,2024-05-05 11:39:01
130,679,386,2024-05-05 03:20:09
131,942,272,2024-05-11 21:06:26
132,59,516,2024-05-21 19:12:33
133,639,606,2024-05-12 19:10:54
134,255,849,2024-05-09 13:09:07
135,865,658,2024-05-01 07:17:55
136,493,192,2024-05-08 18:47:32
137,181,645,2024-05-01 04:05:51
138,944,855,2024-05-23 10:51:08
139,954,415,2024-05-08 11:52:20
140,840,245,2024-05-23 23:21:56
141,372,166,2024-05-10 16:22:30
142,424,507,2024-04-28 00:49:37
143,593,366,2024-05-10 10:38:00
144,886,142,2024-05-16 03:13:52
145,409,275,2024-05-08 20:34:39
146,806,383,2024-05-21 06:01:56
147,280,244,2024-05-14 19:19:01
148,548,396,2024-04-28 13:48:35
149,12,564,2024-05-18 07:57:11
150,333,711,2024-05-10 12:59:24
151,994,227,2024-05-08 17:12:25
152,240,943,2024-05-19 19:04:39
153,351,613,2024-05-07 04:43:02
154,433,578,2024-05-10 00:07:44
155,362,957,2024-04-25 16:33:50
156,748,492,2024-04-30 02:04:15
157,330,769,2024-04-27 23:34:33
158,470,335,2024-05-12 11:43:48
159,357,921,2024-05-01 01:58:32
160,75,201,2024-04-24 08:19:44
161,859,973,2024-05-05 23:52:23
162,539,888,2024-05-22 14:01:58
163,399,797,2024-05-22 09:07:09
164,921,10,2024-04-27 19:16:04
165,407,649,2024-05-16 20:05:48
166,462,930,2024-04-26 17:09:47
167,135,881,2024-05-05 06:17:24
168,394,136,2024-05-22 12:46:31
169,795,916,2024-05-17 03:15:14
170,339,735,2024-04-27 12:55:55
171,323,769,2024-05-07 02:31:10
172,376,580,2024-05-02 16:01:16
173,293,63,2024-04-29 18:44:52
174,424,184,2024-05-19 09:41:22
175,740,653,2024-04-29 12:46:35
176,308,475,2024-05-09 07:01:51
177,620,426,2024-05-05 20:29:06
178,732,37,2024-05-10 00:28:29
179,248,51,2024-04-25 21:18:10
180,62,345,2024-05-01 23:17:23
181,129,893,2024-04-24 20:05:42
182,366,201,2024-05-10 00:36:29
183,580,830,2024-05-01 16:38:29
184,907,979,2024-05-15 11:23:45
185,586,472,2024-05-01 06:22:11
186,498,729,2024-05-20 02:22:54
187,801,298,2024-04-25 09:25:46
188,468,145,2024-04-24 19:34:04
189,524,696,2024-04-27 07:44:22
190,461,395,2024-05-18 22:43:14
191,354,177,2024-05-21 23:58:29
192,629,855,2024-04-29 11:32:53
193,383,889,2024-05-07 19:29:32
194,339,511,2024-04-29 09:29:19
195,273,762,2024-04-27 08:23:14
196,149,317,2024-05-12 16:09:07
197,608,363,2024-04-26 05:48:17
198,275,699,2024-05-15 12:33:28
199,516,100,2024-04-27 12:25:00
200,131,63,2024-05-05 11:31:48
201,972,398,2024-05-11 03:41:15
202,747,571,2024-05-15 03:03:52
203,430,712,2024-05-15 19:14:19
204,329,963,2024-05-09 01:00:12
205,196,379,2024-05-07 14:28:35
206,93,249,2024-05-21 17:57:57
207,654,971,2024-05-21 10:01:56
208,513,262,2024-04-26 07:13:12
209,743,788,2024-05-01 00:01:29
210,668,372,2024-05-04 05:20:49
211,706,446,2024-05-10 02:04:05
212,357,452,2024-05-09 18:13:11
213,651,930,2024-04-25 05:17:45
214,310,843,2024-04-27 22:27:07
215,908,752,2024-05-03 06:27:34
216,386,447,2024-05-21 19:22:13
217,783,895,2024-05-18 13:11:14
218,347,541,2024-05-20 10:19:59
219,844,659,2024-05-12 12:41:19
220,360,614,2024-05-21 06:09:19
221,20,32,2024-05-02 04:23:33
222,436,181,2024-05-05 08:44:40
223,53,19,2024-05-09 20:23:28
224,58,490,2024-05-19 00:08:09
225,252,818,2024-05-23 09:56:28
226,968,303,2024-05-07 15:28:27
227,376,185,2024-05-07 09:44:33
228,806,685,2024-04-26 08:27:53
229,876,752,2024-05-21 18:01:21
230,362,489,2024-05-07 09:22:24
231,298,424,2024-05-08 06:20:11
232,534,121,2024-04-29 22:02:53
233,690,158,2024-04-30 02:23:52
234,700,150,2024-04-26 17:46:40
235,205,469,2024-04-24 23:06:19
236,973,306,2024-05-20 17:06:10
237,85,299,2024-05-06 16:19:15
238,158,495,2024-05-16 05:46:55
239,387,287,2024-05-09 13:54:38
240,870,750,2024-05-20 02:13:25
241,501,133,2024-04-28 16:20:54
242,246,616,2024-05-03 13:43:48
243,908,977,2024-05-06 16:24:59
244,838,969,2024-05-19 08:07:01
245,888,413,2024-05-01 03:19:34
246,386,587,2024-05-01 08:40:19
247,7,473,2024-05-14 00:12:46
248,649,529,2024-05-18 13:41:52
249,527,751,2024-05-12 08:37:27
250,488,173,2024-05-03 18:09:43
251,403,280,2024-05-14 01:28:18
252,172,692,2024-05-20 15:03:39
253,424,53,2024-04-28 20:10:42
254,394,306,2024-05-01 12:35:15
255,709,492,2024-04-28 08:13:37
256,892,351,2024-04-26 11:26:34
257,231,617,2024-05-16 10:28:19
258,552,144,2024-04-25 05:16:21
259,425,795,2024-04-27 09:57:35
260,779,787,2024-05-03 20:50:38
261,93,828,2024-05-02 05:11:09
262,231,818,2024-05-20 15:49:26
263,127,537,2024-05-05 19:29:00
264,363,356,2024-05-01 07:21:14
265,611,452,2024-05-13 18:24:57
266,344,750,2024-05-12 18:44:53
267,524,496,2024-04-28 10:29:03
268,783,256,2024-05-23 19:15:04
269,447,63,2024-05-05 16:17:59
270,578,889,2024-05-05 21:34:54
271,345,92,2024-05-01 20:03:28
272,501,768,2024-05-14 16:49:28
273,880,820,2024-05-17 21:00:48
274,693,735,2024-05-11 11:15:38
275,861,434,2024-05-20 04:04:40
276,509,212,2024-05-16 14:01:05
277,656,419,2024-05-06 05:17:35
278,533,78,2024-05-12 06:18:50
279,128,914,2024-04-29 08:58:44
280,587,839,2024-04-27 10:49:46
281,260,260,2024-04-27 01:54:44
282,368,352,2024-05-17 12:22:30
283,588,298,2024-04-24 20:56:51
284,489,302,2024-05-08 20:01:57
285,58,110,2024-05-05 07:53:30
286,808,472,2024-04-26 14:17:52
287,967,547,2024-05-07 11:10:00
288,17,783,2024-04-30 17:58:54
289,356,127,2024-05-07 17:19:16
290,393,887,2024-05-12 14:01:05
291,481,528,2024-05-13 16:08:02
292,446,897,2024-04-26 10:47:34
293,916,59,2024-05-18 09:42:03
294,492,233,2024-04-29 00:58:35
295,762,314,2024-05-19 21:11:16
296,583,837,2024-05-05 21:35:48
297,861,312,2024-05-15 10:38:42
298,438,789,2024-04-29 10:12:08
299,550,454,2024-05-14 00:04:08
300,223,247,2024-05-14 05:58:01
301,304,690,2024-05-17 13:08:09
302,409,279,2024-04-25 19:03:14
303,239,16,2024-05-17 08:43:18
304,996,676,2024-05-17 05:28:28
305,625,394,2024-05-11 08:04:36
306,140,986,2024-04-27 13:29:36
307,198,977,2024-05-01 12:29:59
308,930,946,2024-04-24 13:51:43
309,895,430,2024-05-23 03:17:20
310,206,421,2024-04-30 22:07:56
311,227,790,2024-04-26 08:31:58
312,539,280,2024-05-06 01:06:04
313,705,586,2024-05-08 08:17:55
314,351,841,2024-05-10 23:20:51
315,459,46,2024-05-19 00:13:21
316,657,188,2024-05-04 19:01:38
317,979,345,2024-04-25 17:22:24
318,895,785,2024-05-23 16:01:20
319,842,986,2024-05-18 08:22:44
320,671,816,2024-05-06 21:53:03
321,378,443,2024-05-05 10:05:22
322,13,788,2024-05-06 01:34:36
323,550,246,2024-05-02 16:47:59
324,398,586,2024-04-30 19:13:48
325,697,129,2024-05-15 16:35:26
326,544,969,2024-05-04 15:04:43
327,759,4,2024-04-29 18:02:01
328,123,645,2024-05-23 13:13:26
329,472,87,2024-05-07 17:14:45
330,972,322,2024-05-12 05:08:55
331,207,657,2024-04-26 02:39:25
332,47,161,2024-05-16 19:14:30
333,412,397,2024-04-26 13:08:17
334,162,447,2024-05-17 12:15:45
335,334,618,2024-05-21 17:21:17
336,319,46,2024-05-15 05:48:11
337,392,523,2024-05-11 20:36:03
338,778,618,2024-04-25 17:56:30
339,529,467,2024-05-15 08:29:55
340,631,335,2024-05-07 15:28:21
341,619,650,2024-05-23 15:56:28
342,326,219,2024-05-05 04:27:59
343,762,406,2024-05-20 02:37:58
344,795,409,2024-05-05 01:18:56
345,424,759,2024-05-09 10:10:37
346,812,464,2024-04-28 04:08:41
347,40,708,2024-05-05 11:09:42
348,1,636,2024-04-24 08:34:18
349,778,117,2024-05-23 18:54:38
350,93,333,2024-05-04 05:35:55
351,619,421,2024-05-12 22:12:37
352,907,610,2024-05-12 06:28:59
353,104,391,2024-05-18 16:58:09
354,503,197,2024-05-15 18:09:58
355,228,432,2024-05-14 17:02:30
356,699,110,2024-04-27 11:52:31
357,581,865,2024-05-19 03:46:29
358,186,913,2024-04-26 09:07:35
359,944,395,2024-05-08 22:48:30
360,749,350,2024-05-21 13:31:52
361,506,544,2024-05-09 14:10:22
362,442,672,2024-05-13 11:50:04
363,220,440,2024-04-27 18:59:19
364,906,781,2024-05-02 04:58:46
365,771,900,2024-05-06 06:35:25
366,20,755,2024-05-15 21:32:38
367,908,575,2024-04-25 12:03:08
368,391,637,2024-05-14 11:19:25
369,342,473,2024-05-17 11:29:36
370,89,29,2024-05-12 19:36:16
371,383,437,2024-05-03 00:01:52
372,129,113,2024-05-13 19:13:25
373,384,25,2024-04-24 20:15:20
374,213,621,2024-05-04 23:51:52
375,961,783,2024-05-01 15:44:22
376,794,722,2024-05-08 20:03:50
377,454,27,2024-04-25 06:19:16
378,87,142,2024-05-22 14:40:14
379,805,837,2024-05-11 07:45:58
380,40,375,2024-05-03 20:55:35
381,287,482,2024-04-25 16:04:24
382,909,762,2024-05-02 04:19:27
383,463,755,2024-05-06 14:41:20
384,853,495,2024-05-13 01:48:36
385,198,28,2024-05-23 12:34:21
386,94,641,2024-05-19 01:06:45
387,159,389,2024-05-14 01:09:21
388,891,683,2024-05-14 11:08:57
389,528,69,2024-05-09 23:50:32
390,816,933,2024-05-11 01:43:06
391,486,185,2024-05-20 01:06:00
392,158,77,2024-05-13 00:50:38
393,287,931,2024-04-24 15:35:40
394,528,745,2024-05-20 23:07:06
395,552,485,2024-05-08 19:45:34
396,584,452,2024-05-18 02:10:24
397,656,402,2024-05-17 08:17:15
398,392,142,2024-05-23 13:10:16
399,747,803,2024-04-25 08:14:01
400,43,145,2024-05-08 16:31:41
401,480,406,2024-05-05 10:45:40
402,990,314,2024-04-28 23:44:40
403,995,116,2024-05-20 16:12:10
404,445,418,2024-05-23 08:22:26
405,402,483,2024-05-23 16:55:08
406,420,254,2024-04-30 01:19:19
407,550,901,2024-05-07 11:44:07
408,622,175,2024-04-24 11:12:17
409,895,642,2024-05-10 22:45:23
410,234,319,2024-05-11 07:32:29
411,349,670,2024-05-10 02:57:59
412,972,638,2024-05-20 08:31:11
413,120,187,2024-05-09 12:18:05
414,686,478,2024-05-02 01:35:00
415,894,163,2024-04-28 07:33:30
416,786,110,2024-05-20 08:24:32
417,858,489,2024-05-11 01:33:46
418,71,530,2024-05-15 09:58:39
419,732,725,2024-05-07 17:31:36
420,7,868,2024-04-29 01:39:23
421,781,626,2024-05-15 06:11:28
422,338,561,2024-04-29 18:29:59
423,339,304,2024-05-20 22:25:47
424,649,495,2024-05-10 23:23:05
425,119,176,2024-05-08 22:07:21
426,810,788,2024-05-21 11:16:16
427,246,939,2024-05-18 02:16:50
428,704,81,2024-05-13 05:08:57
429,498,563,2024-05-02 12:17:31
430,149,645,2024-05-20 14:55:50
431,843,927,2024-04-26 03:14:04
432,812,428,2024-05-16 22:05:11
433,121,740,2024-04-25 01:02:14
434,139,847,2024-05-16 20:20:34
435,772,401,2024-04-25 00:16:20
436,735,558,2024-04-24 02:11:20
437,970,252,2024-05-01 23:20:14
438,122,825,2024-05-20 23:32:01
439,883,652,2024-04-26 14:37:00
440,216,370,2024-05-01 09:01:03
441,530,235,2024-05-13 14:08:08
442,141,663,2024-04-27 16:14:32
443,30,58,2024-05-01 18:47:10
444,111,171,2024-05-08 17:48:15
445,126,415,2024-05-08 21:42:48
446,311,228,2024-05-08 19:16:33
447,60,907,2024-05-12 02:16:58
448,602,762,2024-04-25 01:53:01
449,354,774,2024-04-30 00:21:43
450,721,775,2024-05-06 19:09:06
451,19,770,2024-05-05 10:10:02
452,625,807,2024-05-03 02:39:12
453,914,162,2024-04-25 08:57:13
454,339,798,2024-05-11 05:13:35
455,419,632,2024-05-02 23:08:55
456,511,553,2024-04-25 11:22:11
457,261,302,2024-05-06 14:12:49
458,891,16,2024-05-06 04:41:39
459,398,156,2024-04-25 17:15:43
460,653,334,2024-05-06 15:36:51
461,244,743,2024-05-01 14:41:36
462,274,300,2024-05-15 21:19:08
463,62,999,2024-05-14 18:06:33
464,141,104,2024-05-16 00:44:57
465,817,280,2024-05-16 16:54:21
466,725,655,2024-05-19 04:08:16
467,840,336,2024-05-05 02:52:03
468,548,471,2024-05-05 21:46:14
469,696,871,2024-05-23 23:10:21
470,73,564,2024-05-01 09:36:33
471,281,561,2024-05-09 23:07:53
472,835,195,2024-05-10 03:37:38
473,632,487,2024-05-13 02:42:09
474,635,779,2024-04-27 23:32:36
475,890,523,2024-05-04 06:50:23
476,287,620,2024-05-17 20:15:37
477,522,97,2024-05-07 23:13:45
478,196,926,2024-05-02 04:57:42
479,858,726,2024-05-13 07:05:47
480,761,233,2024-05-17 17:55:03
481,559,541,2024-05-16 00:13:43
482,975,996,2024-05-16 21:59:14
483,893,489,2024-05-13 23:37:31
484,14,198,2024-04-26 12:29:12
485,379,924,2024-05-15 03:14:23
486,958,502,2024-04-25 04:49:43
487,771,548,2024-05-21 17:55:57
488,116,158,2024-05-18 22:30:07
489,781,965,2024-04-30 04:01:01
490,735,196,2024-05-10 03:33:49
491,689,664,2024-05-19 19:25:03
492,44,169,2024-04-29 18:17:11
493,923,636,2024-05-10 05:38:45
494,164,494,2024-05-11 07:43:20
495,721,777,2024-05-16 14:20:45
496,219,593,2024-05-22 21:31:20
497,960,727,2024-05-18 10:14:53
498,741,775,2024-05-01 21:33:25
499,342,310,2024-04-29 09:34:36
500,50,192,2024-05-03 20:12:57
501,684,515,2024-04-30 16:30:20
502,809,866,2024-05-07 16:37:06
503,764,987,2024-04-27 14:16:13
504,727,822,2024-05-12 21:11:03
505,949,340,2024-05-12 14:26:31
506,381,938,2024-05-07 09:38:36
507,884,973,2024-04-27 08:08:00
508,829,601,2024-05-11 21:48:48
509,240,216,2024-05-12 05:36:27
510,966,848,2024-05-04 11:12:57
511,530,778,2024-04-30 08:01:06
512,600,808,2024-05-14 12:32:17
513,822,453,2024-04-24 09:50:31
514,147,946,2024-05-11 22:42:43
515,385,738,2024-05-07 17:50:57
516,324,972,2024-04-30 23:34:30
517,189,154,2024-05-17 22:42:30
518,765,854,2024-05-04 12:45:39
519,89,5,2024-05-07 20:54:40
520,424,11,2024-05-07 08:19:06
521,777,547,2024-05-08 03:02:14
522,460,237,2024-05-20 23:26:51
523,568,994,2024-05-19 16:48:35
524,612,267,2024-05-16 00:22:47
525,110,439,2024-05-16 19:46:41
526,306,916,2024-05-17 15:25:51
527,998,42,2024-05-12 07:48:22
528,986,102,2024-05-04 06:09:23
529,689,591,2024-05-22 23:54:45
530,709,26,2024-05-21 09:02:31
531,900,516,2024-05-17 14:21:31
532,40,491,2024-05-14 15:41:59
533,530,91,2024-04-30 16:19:15
534,56,175,2024-05-23 21:27:08
535,474,55,2024-05-08 12:58:31
536,75,306,2024-05-08 07:00:39
537,466,290,2024-05-22 15:37:33
538,369,742,2024-05-10 09:26:30
539,91,817,2024-05-11 18:25:37
540,850,627,2024-04-24 10:58:42
541,387,351,2024-05-08 11:04:01
542,486,323,2024-05-06 07:38:41
543,83,106,2024-05-17 02:34:26
544,419,250,2024-05-04 16:34:12
545,263,705,2024-05-08 01:51:50
546,572,649,2024-05-12 13:47:03
547,859,194,2024-05-22 20:56:41
548,826,588,2024-04-24 08:10:45
549,883,815,2024-04-28 19:07:53
550,26,974,2024-04-26 16:44:32
551,984,296,2024-04-24 09:25:22
552,149,38,2024-04-28 19:33:35
553,713,475,2024-05-03 05:19:47
554,453,80,2024-05-16 23:50:53
555,759,831,2024-05-23 14:19:38
556,257,923,2024-05-02 08:08:28
557,549,967,2024-05-08 09:48:58
558,635,524,2024-04-24 10:14:35
559,448,828,2024-05-09 11:46:48
560,744,826,2024-05-01 21:20:40
561,875,907,2024-05-04 06:52:17
562,837,408,2024-05-03 11:51:30
563,34,646,2024-05-21 12:55:58
564,372,164,2024-05-03 08:34:17
565,738,372,2024-05-20 17:40:46
566,407,225,2024-04-28 12:52:46
567,838,162,2024-05-01 20:48:18
568,426,83,2024-05-21 03:58:53
569,132,997,2024-05-08 18:37:48
570,529,493,2024-04-27 14:31:03
571,430,594,2024-05-06 05:43:10
572,834,920,2024-05-10 05:08:47
573,839,9,2024-05-15 11:39:39
574,956,482,2024-05-23 22:13:56
575,725,543,2024-05-20 04:13:16
576,973,444,2024-05-09 23:22:54
577,979,565,2024-05-06 10:44:54
578,530,348,2024-04-26 02:53:39
579,432,698,2024-05-02 05:38:46
580,656,789,2024-05-13 01:01:40
581,554,37,2024-05-12 07:53:09
582,893,512,2024-05-05 15:18:13
583,102,574,2024-05-09 16:28:45
584,233,363,2024-05-02 10:22:15
585,412,381,2024-04-29 09:40:20
586,651,987,2024-05-05 20:01:36
587,522,52,2024-05-04 20:09:47
588,705,786,2024-05-17 11:47:26
589,580,527,2024-05-09 10:06:02
590,837,909,2024-05-09 20:28:02
591,847,625,2024-05-05 08:45:32
592,341,755,2024-05-04 01:19:12
593,385,966,2024-04-25 01:52:53
594,205,988,2024-05-23 04:49:24
595,901,525,2024-05-09 06:21:13
596,317,366,2024-05-20 09:14:44
597,427,131,2024-04-25 20:03:14
598,498,978,2024-05-19 16:24:06
599,958,24,2024-05-10 13:59:54
600,817,822,2024-05-21 12:18:35
601,632,634,2024-04-27 04:28:32
602,71,141,2024-05-01 15:14:23
603,783,797,2024-05-22 06:19:05
604,925,616,2024-05-21 13:42:36
605,136,820,2024-04-27 13:26:10
606,428,35,2024-05-19 05:17:11
607,486,357,2024-05-03 14:19:02
608,69,794,2024-04-25 16:28:16
609,258,874,2024-05-05 00:11:55
610,714,568,2024-05-06 05:42:50
611,610,829,2024-05-12 19:57:32
612,432,130,2024-05-20 04:01:42
613,931,183,2024-05-13 20:56:59
614,362,95,2024-05-17 09:05:03
615,323,637,2024-05-14 01:45:29
616,837,81,2024-05-19 02:23:16
617,69,439,2024-05-22 13:48:11
618,164,298,2024-05-07 22:05:49
619,978,713,2024-05-10 08:11:50
620,333,563,2024-04-25 15:12:26
621,545,264,2024-05-10 06:07:05
622,249,958,2024-05-22 19:53:44
623,967,35,2024-04-28 21:44:09
624,552,341,2024-05-11 06:58:03
625,684,303,2024-05-11 12:05:11
626,225,839,2024-04-29 16:22:20
627,990,931,2024-05-02 13:25:34
628,963,345,2024-05-23 03:11:03
629,289,436,2024-04-25 04:52:51
630,370,985,2024-05-20 14:29:53
631,44,837,2024-05-09 08:09:27
632,532,46,2024-05-20 07:21:58
633,180,437,2024-04-29 08:34:20
634,875,308,2024-05-06 23:10:37
635,966,469,2024-04-26 16:08:04
636,92,798,2024-05-03 11:36:45
637,793,433,2024-05-03 05:52:48
638,543,193,2024-04-24 10:57:20
639,552,229,2024-05-14 20:07:32
640,826,519,2024-05-18 11:16:22
641,234,640,2024-05-13 17:32:59
642,26,276,2024-05-14 12:24:18
643,813,695,2024-05-11 16:21:27
644,853,573,2024-05-22 21:53:54
645,734,195,2024-04-26 16:13:44
646,782,380,2024-05-13 04:15:37
647,117,379,2024-04-29 03:04:58
648,733,504,2024-05-01 17:26:12
649,870,182,2024-05-14 16:23:57
650,135,355,2024-05-14 00:15:44
651,820,546,2024-05-17 21:16:57
652,76,588,2024-05-13 23:31:02
653,427,169,2024-04-25 07:01:35
654,638,937,2024-05-07 00:28:53
655,733,813,2024-05-12 20:30:38
656,281,370,2024-05-08 18:56:21
657,540,547,2024-04-27 15:11:42
658,458,779,2024-05-03 05:37:35
659,965,225,2024-05-02 05:45:21
660,822,374,2024-05-09 19:04:59
661,633,140,2024-05-23 20:07:40
662,823,472,2024-05-10 00:32:11
663,192,742,2024-05-08 06:07:13
664,686,133,2024-05-15 22:33:32
665,13,815,2024-05-17 06:10:53
666,778,120,2024-05-17 07:11:38
667,441,432,2024-05-09 11:02:25
668,638,261,2024-05-10 02:55:51
669,820,942,2024-04-30 14:00:15
670,400,630,2024-04-28 10:11:38
671,568,381,2024-05-14 16:21:02
672,454,12,2024-05-05 10:56:42
673,642,571,2024-05-18 15:18:47
674,856,456,2024-05-19 15:17:48
675,909,861,2024-05-23 09:37:57
676,178,376,2024-05-19 22:40:02
677,432,844,2024-05-08 08:22:32
678,695,699,2024-05-20 09:33:51
679,296,951,2024-04-28 10:09:38
680,800,511,2024-05-12 17:19:23
681,182,294,2024-05-17 16:16:04
682,647,420,2024-05-23 01:05:49
683,808,956,2024-05-14 14:15:07
684,691,203,2024-05-14 19:05:20
685,684,288,2024-05-11 17:00:27
686,169,647,2024-05-09 01:21:16
687,953,847,2024-05-10 04:47:52
688,287,885,2024-05-01 03:29:18
689,808,876,2024-05-04 06:08:36
690,772,336,2024-05-05 16:38:13
691,861,764,2024-04-28 10:21:49
692,351,161,2024-05-13 19:16:19
693,233,393,2024-05-16 16:07:17
694,482,41,2024-05-12 00:54:35
695,653,883,2024-05-07 11:17:22
696,492,127,2024-05-09 09:49:13
697,651,80,2024-05-02 08:38:57
698,67,748,2024-05-19 17:41:55
699,943,673,2024-05-11 14:44:55
700,985,363,2024-05-07 14:04:14
701,865,739,2024-04-30 12:39:31
702,337,220,2024-05-17 12:42:28
703,576,796,2024-05-20 09:12:59
704,327,439,2024-05-19 21:48:00
705,689,432,2024-04-28 12:07:43
706,960,863,2024-05-08 19:18:39
707,987,248,2024-05-17 17:02:38
708,216,853,2024-05-23 15:47:20
709,781,751,2024-04-28 04:20:40
710,850,966,2024-05-15 10:19:03
711,909,729,2024-05-01 08:10:20
712,250,856,2024-05-22 03:32:40
713,456,125,2024-05-11 20:42:10
714,776,382,2024-05-20 04:33:13
715,956,801,2024-04-28 11:46:02
716,909,965,2024-05-15 19:39:15
717,664,548,2024-05-08 04:15:04
718,569,646,2024-05-12 04:36:13
719,569,142,2024-05-16 11:35:50
720,946,258,2024-05-16 19:58:38
721,416,958,2024-05-16 13:11:08
722,536,787,2024-04-26 05:53:49
723,70,26,2024-05-02 11:21:36
724,396,453,2024-05-15 20:09:06
725,937,16,2024-05-14 06:00:19
726,655,776,2024-04-29 13:15:09
727,467,936,2024-05-13 19:06:50
728,518,699,2024-04-28 22:30:07
729,580,600,2024-05-20 17:18:07
730,492,235,2024-05-14 20:10:36
731,784,19,2024-05-21 06:13:07
732,176,878,2024-05-15 08:12:46
733,842,943,2024-04-27 23:31:49
734,997,127,2024-05-07 21:20:43
735,376,835,2024-04-28 20:21:12
736,116,297,2024-05-08 20:09:41
737,692,431,2024-04-27 15:57:35
738,17,564,2024-04-30 00:00:32
739,303,438,2024-05-06 11:28:03
740,872,287,2024-05-15 08:32:07
741,164,213,2024-04-25 03:53:42
742,168,602,2024-04-24 01:55:23
743,823,87,2024-05-07 13:12:09
744,73,988,2024-04-30 12:12:50
745,999,214,2024-05-17 17:11:26
746,455,921,2024-05-16 23:27:51
747,766,627,2024-05-14 09:56:50
748,756,176,2024-05-08 16:00:54
749,677,721,2024-05-02 15:38:24
750,360,425,2024-05-18 08:24:08
751,113,491,2024-05-03 20:52:34
752,504,529,2024-05-04 18:52:11
753,262,580,2024-05-14 21:46:58
754,329,557,2024-05-02 22:00:29
755,329,691,2024-04-28 19:49:21
756,573,259,2024-05-19 07:02:55
757,757,73,2024-05-11 22:11:47
758,94,644,2024-05-22 09:39:17
759,156,809,2024-04-25 15:31:57
760,150,811,2024-04-25 20:22:03
761,558,117,2024-05-06 01:41:07
762,323,422,2024-05-03 19:07:28
763,129,456,2024-05-03 12:44:14
764,551,539,2024-04-28 04:11:32
765,823,387,2024-05-06 08:59:54
766,916,484,2024-05-01 14:23:52
767,357,20,2024-04-24 04:26:42
768,802,835,2024-05-22 20:15:05
769,296,916,2024-05-16 12:06:42
770,854,298,2024-04-30 00:06:07
771,753,596,2024-05-20 21:46:24
772,5,737,2024-05-15 22:25:55
773,602,88,2024-05-20 20:54:20
774,595,968,2024-05-03 17:52:26
775,699,863,2024-04-28 20:15:26
776,134,747,2024-04-30 03:05:12
777,43,232,2024-05-14 21:51:28
778,318,285,2024-05-01 11:08:04
779,538,390,2024-05-15 13:25:10
780,291,505,2024-05-16 00:46:36
781,193,711,2024-05-10 23:26:22
782,966,3,2024-05-21 20:59:13
783,910,123,2024-05-10 09:19:17
784,142,417,2024-05-02 20:43:29
785,40,122,2024-05-13 21:09:09
786,802,748,2024-04-26 22:46:44
787,242,308,2024-05-15 13:17:42
788,178,186,2024-05-15 15:51:13
789,431,110,2024-05-06 09:45:20
790,386,180,2024-04-25 17:30:04
791,250,205,2024-05-17 03:44:38
792,843,250,2024-05-09 07:45:52
793,557,299,2024-04-24 04:46:56
794,126,441,2024-05-18 01:51:47
795,499,929,2024-05-14 02:35:53
796,675,942,2024-04-28 15:21:25
797,25,116,2024-04-24 11:34:53
798,104,434,2024-05-01 00:15:53
799,652,372,2024-05-02 20:21:40
800,771,154,2024-05-14 16:55:17
801,542,206,2024-04-24 20:56:07
802,958,87,2024-05-08 10:55:47
803,887,832,2024-04-27 09:31:07
804,346,409,2024-05-21 12:33:41
805,85,637,2024-05-21 22:07:22
806,492,382,2024-05-09 10:18:24
807,498,392,2024-05-01 14:29:15
808,919,502,2024-05-06 14:38:50
809,653,732,2024-05-15 01:38:37
810,971,398,2024-04-29 14:45:23
811,670,501,2024-05-10 18:40:18
812,688,976,2024-04-30 06:37:41
813,831,154,2024-05-20 20:58:49
814,265,545,2024-05-19 07:31:01
815,754,643,2024-05-05 09:00:27
816,791,264,2024-05-10 23:14:43
817,937,601,2024-05-18 06:58:36
818,890,519,2024-04-27 02:36:00
819,781,978,2024-05-05 20:52:08
820,260,151,2024-05-21 07:32:25
821,150,309,2024-05-19 16:35:21
822,686,393,2024-04-29 03:14:40
823,903,611,2024-04-28 01:36:55
824,819,591,2024-05-07 20:12:24
825,837,590,2024-05-17 06:00:44
826,886,668,2024-05-17 18:30:06
827,857,609,2024-05-21 20:12:14
828,849,296,2024-05-14 13:53:52
829,980,470,2024-05-18 12:45:01
830,425,616,2024-05-01 12:24:57
831,940,826,2024-05-11 07:28:05
832,314,754,2024-05-04 18:51:27
833,345,102,2024-05-04 00:48:03
834,944,702,2024-05-17 19:51:48
835,148,215,2024-04-25 01:48:15
836,53,254,2024-04-25 06:38:31
837,898,920,2024-04-30 13:34:44
838,913,137,2024-05-04 03:08:43
839,156,893,2024-04-29 00:53:22
840,842,93,2024-04-27 19:07:50
841,483,555,2024-05-10 09:23:16
842,439,678,2024-05-20 04:23:57
843,106,653,2024-05-03 20:29:18
844,655,495,2024-05-08 12:29:17
845,158,186,2024-05-21 20:46:48
846,421,710,2024-05-21 07:15:13
847,135,266,2024-05-22 16:59:06
848,126,424,2024-05-15 00:23:48
849,572,479,2024-05-18 23:16:11
850,215,741,2024-05-16 18:56:56
851,694,484,2024-05-10 01:37:09
852,582,685,2024-04-30 04:46:28
853,264,699,2024-04-28 10:12:24
854,816,85,2024-04-28 11:15:08
855,689,756,2024-05-03 04:48:25
856,184,330,2024-04-30 00:52:26
857,502,521,2024-04-30 09:47:40
858,548,716,2024-05-02 09:52:32
859,315,285,2024-05-09 09:13:58
860,107,6,2024-05-13 15:43:14
861,49,143,2024-04-25 16:26:41
862,825,317,2024-05-15 11:25:27
863,540,593,2024-04-26 15:22:56
864,463,41,2024-05-16 13:47:36
865,650,255,2024-05-17 10:36:13
866,896,752,2024-05-14 18:39:38
867,315,773,2024-05-12 10:28:29
868,66,592,2024-04-30 09:41:58
869,473,618,2024-04-24 06:55:46
870,224,213,2024-05-09 01:45:14
871,814,472,2024-05-05 01:30:20
872,880,582,2024-04-26 16:17:38
873,186,701,2024-05-05 09:55:10
874,71,208,2024-05-22 22:01:44
875,408,437,2024-05-15 21:03:43
876,968,125,2024-05-23 17:11:48
877,662,34,2024-04-26 05:08:49
878,299,920,2024-04-24 04:51:52
879,402,243,2024-05-16 13:11:51
880,255,269,2024-05-08 06:41:28
881,374,535,2024-04-29 04:42:05
882,148,177,2024-04-26 22:19:21
883,990,588,2024-05-14 02:56:51
884,914,332,2024-05-04 11:01:50
885,466,884,2024-05-18 21:05:48
886,712,223,2024-05-13 15:04:18
887,548,944,2024-05-06 07:42:33
888,257,423,2024-04-25 03:50:34
889,733,403,2024-05-23 18:41:40
890,528,255,2024-05-22 15:43:11
891,521,983,2024-05-02 20:44:09
892,888,611,2024-05-05 12:08:09
893,532,245,2024-05-23 10:30:51
894,973,467,2024-05-01 21:56:53
895,99,962,2024-05-05 21:25:17
896,846,919,2024-05-01 02:00:26
897,411,367,2024-05-13 23:47:21
898,894,979,2024-05-22 01:22:21
899,359,97,2024-05-20 07:53:03
900,823,769,2024-04-24 16:14:20
901,198,195,2024-05-22 16:17:56
902,484,779,2024-05-01 19:04:45
903,733,432,2024-05-23 04:43:37
904,680,999,2024-05-15 08:18:06
905,619,642,2024-05-17 08:55:06
906,943,86,2024-05-01 09:37:48
907,731,30,2024-05-08 14:48:58
908,482,228,2024-05-12 07:04:56
909,395,194,2024-04-27 00:53:03
910,402,655,2024-05-01 12:03:46
911,58,788,2024-05-03 11:57:00
912,870,384,2024-05-17 14:12:58
913,8,725,2024-05-04 16:27:36
914,37,606,2024-04-25 06:59:40
915,117,446,2024-05-21 12:50:37
916,791,246,2024-05-07 14:58:45
917,282,771,2024-05-04 19:53:46
918,374,375,2024-04-28 09:16:12
919,55,102,2024-05-04 14:01:05
920,571,733,2024-05-23 15:53:49
921,947,287,2024-05-21 15:37:07
922,473,549,2024-05-06 02:27:06
923,16,384,2024-04-29 14:58:19
924,579,818,2024-05-03 13:13:10
925,735,69,2024-05-17 11:46:11
926,353,234,2024-05-21 03:08:07
927,704,812,2024-05-04 12:59:40
928,512,37,2024-05-13 19:07:25
929,276,287,2024-05-23 00:41:11
930,846,649,2024-05-01 07:56:49
931,138,384,2024-05-18 09:37:21
932,245,137,2024-05-05 07:09:55
933,137,463,2024-05-19 23:44:34
934,599,374,2024-05-24 00:32:51
935,846,857,2024-04-30 08:31:25
936,523,531,2024-05-07 02:43:13
937,651,43,2024-05-05 13:22:39
938,724,653,2024-05-09 12:17:32
939,805,721,2024-05-12 11:51:55
940,153,398,2024-05-14 08:05:51
941,497,571,2024-05-02 04:51:00
942,405,766,2024-05-20 08:53:09
943,61,696,2024-04-30 14:48:43
944,607,714,2024-05-16 09:21:38
945,14,879,2024-05-09 14:43:35
946,795,411,2024-05-03 21:26:04
947,824,28,2024-04-29 15:36:56
948,191,991,2024-05-07 12:48:19
949,631,734,2024-04-25 23:34:59
950,600,743,2024-05-12 23:29:43
951,810,802,2024-05-09 18:36:57
952,256,291,2024-05-11 12:53:00
953,38,752,2024-05-08 03:54:48
954,120,756,2024-05-02 17:40:20
955,920,661,2024-04-30 13:22:06
956,183,419,2024-05-05 08:07:51
957,799,709,2024-04-28 15:26:39
958,759,413,2024-05-12 08:57:28
959,172,424,2024-04-26 13:17:42
960,400,453,2024-04-28 22:53:24
961,760,615,2024-05-11 02:48:07
962,615,303,2024-05-05 16:33:34
963,884,593,2024-05-13 14:11:06
964,562,879,2024-05-18 03:01:45
965,400,235,2024-04-30 09:56:38
966,562,307,2024-05-08 05:37:14
967,454,130,2024-05-21 04:21:44
968,940,924,2024-05-12 16:57:53
969,508,341,2024-05-01 04:48:43
970,718,553,2024-04-25 16:03:00
971,816,75,2024-04-30 06:53:06
972,722,250,2024-04-27 00:30:38
973,630,663,2024-05-09 06:20:12
974,228,998,2024-05-16 22:09:08
975,57,426,2024-05-18 04:06:48
976,863,25,2024-05-21 23:49:31
977,225,362,2024-05-16 19:08:37
978,471,492,2024-05-06 19:55:16
979,814,996,2024-05-17 03:05:31
980,373,350,2024-05-11 17:48:16
981,997,480,2024-04-24 08:50:56
982,884,572,2024-05-15 01:14:49
983,721,644,2024-05-16 15:18:10
984,80,77,2024-05-05 12:50:41
985,690,218,2024-05-23 06:16:15
986,3,331,2024-05-11 02:36:10
987,996,524,2024-05-01 12:23:08
988,617,386,2024-04-28 20:41:36
989,675,297,2024-05-06 16:43:03
990,748,740,2024-05-03 18:25:39
991,998,449,2024-05-01 01:23:28
992,295,293,2024-05-10 08:18:36
993,948,192,2024-05-14 08:19:39
994,354,72,2024-05-19 10:28:01
995,611,372,2024-05-18 01:20:54
996,887,605,2024-05-01 11:05:52
997,68,169,2024-05-05 14:18:24
998,512,342,2024-05-02 19:28:40
999,436,575,2024-05-05 17:21:19
