start_lat,start_long,end_lat,end_long,is_premium,call_time,user_id
36.20389,127.08472,34.8825,128.62667,1,2024-05-03 01:52:32,1000011
36.20389,127.08472,36.6009,126.665,1,2024-05-03 09:31:28,1000423
36.20389,127.08472,34.8825,128.62667,1,2024-04-26 01:21:11,1000997
36.82167,128.63083,36.6009,126.665,0,2024-05-20 03:23:50,1000067
37.65639,126.835,36.82167,128.63083,1,2024-05-11 14:16:39,1000619
37.1759,128.9889,34.8825,128.62667,0,2024-05-20 13:57:28,1000681
36.20389,127.08472,36.6009,126.665,0,2024-05-17 23:07:00,1000606
37.65639,126.835,36.20389,127.08472,1,2024-04-29 22:43:46,1000026
37.1759,128.9889,36.82167,128.63083,0,2024-04-30 01:42:40,1000386
37.65639,126.835,37.65639,126.835,0,2024-05-22 01:33:58,1000745
34.8825,128.62667,37.65639,126.835,0,2024-05-01 06:44:30,1000738
36.20389,127.08472,37.1759,128.9889,1,2024-05-15 23:42:53,1000897
36.6009,126.665,37.1759,128.9889,0,2024-04-25 13:50:55,1000902
37.65639,126.835,37.65639,126.835,0,2024-05-03 14:34:20,1000361
34.8825,128.62667,36.6009,126.665,0,2024-05-09 14:47:29,1000156
36.82167,128.63083,36.6009,126.665,0,2024-04-24 22:35:24,1000342
37.1759,128.9889,37.1759,128.9889,1,2024-05-01 09:03:43,1000353
36.20389,127.08472,37.1759,128.9889,0,2024-05-23 19:38:41,1000512
36.82167,128.63083,34.8825,128.62667,1,2024-05-05 00:43:36,1000279
36.6009,126.665,37.1759,128.9889,1,2024-05-23 22:10:36,1000432
37.1759,128.9889,34.8825,128.62667,0,2024-04-28 18:07:26,1000540
36.20389,127.08472,36.82167,128.63083,1,2024-04-26 05:53:43,1000033
36.20389,127.08472,37.1759,128.9889,1,2024-05-07 14:27:01,1000604
34.8825,128.62667,34.8825,128.62667,0,2024-05-12 04:42:09,1000896
36.6009,126.665,36.82167,128.63083,1,2024-05-11 17:00:29,1000024
37.1759,128.9889,36.20389,127.08472,1,2024-05-02 11:52:24,1000060
36.82167,128.63083,37.65639,126.835,1,2024-05-06 20:25:53,1000934
37.1759,128.9889,37.1759,128.9889,0,2024-04-26 00:08:45,1000934
36.20389,127.08472,37.65639,126.835,0,2024-04-29 12:23:38,1000299
36.20389,127.08472,36.6009,126.665,0,2024-05-14 09:47:38,1000515
36.82167,128.63083,37.65639,126.835,1,2024-05-16 10:07:44,1000884
37.1759,128.9889,37.65639,126.835,1,2024-05-19 17:42:39,1000303
36.82167,128.63083,37.65639,126.835,0,2024-04-27 08:38:03,1000750
37.1759,128.9889,37.1759,128.9889,1,2024-05-14 12:13:14,1000878
37.1759,128.9889,34.8825,128.62667,0,2024-04-29 13:39:00,1000433
36.82167,128.63083,36.82167,128.63083,0,2024-05-22 03:37:55,1000637
36.6009,126.665,36.82167,128.63083,1,2024-05-07 01:56:40,1000147
37.65639,126.835,36.20389,127.08472,0,2024-05-21 14:36:52,1000006
37.1759,128.9889,37.1759,128.9889,0,2024-05-10 12:42:31,1000856
36.6009,126.665,36.20389,127.08472,0,2024-05-13 11:42:59,1000070
37.65639,126.835,36.6009,126.665,0,2024-04-25 00:01:50,1000123
36.82167,128.63083,36.82167,128.63083,0,2024-05-22 06:27:01,1000326
37.65639,126.835,36.82167,128.63083,1,2024-05-11 02:30:34,1000535
37.65639,126.835,36.20389,127.08472,0,2024-05-09 01:03:40,1000800
34.8825,128.62667,36.6009,126.665,1,2024-05-11 08:41:36,1000083
36.6009,126.665,37.65639,126.835,1,2024-05-01 08:00:37,1000483
36.82167,128.63083,36.20389,127.08472,0,2024-04-28 13:45:42,1000607
37.1759,128.9889,34.8825,128.62667,0,2024-05-10 03:37:02,1000944
36.6009,126.665,36.6009,126.665,1,2024-05-17 17:33:13,1000464
36.20389,127.08472,34.8825,128.62667,1,2024-04-28 16:21:01,1000960
36.20389,127.08472,36.6009,126.665,1,2024-05-11 11:44:52,1000286
36.20389,127.08472,37.65639,126.835,0,2024-04-27 21:38:03,1000828
36.82167,128.63083,36.6009,126.665,0,2024-05-18 15:51:45,1000828
34.8825,128.62667,36.6009,126.665,0,2024-05-16 23:10:01,1000277
36.20389,127.08472,36.82167,128.63083,1,2024-05-11 08:26:51,1000498
36.82167,128.63083,37.1759,128.9889,1,2024-04-26 14:44:27,1000785
37.65639,126.835,37.1759,128.9889,1,2024-04-27 10:25:35,1000267
37.65639,126.835,36.20389,127.08472,1,2024-05-01 21:45:47,1000740
37.65639,126.835,37.1759,128.9889,0,2024-05-12 22:20:08,1000495
36.6009,126.665,37.1759,128.9889,1,2024-05-01 21:18:29,1000536
34.8825,128.62667,37.65639,126.835,0,2024-04-27 13:07:38,1000374
36.6009,126.665,34.8825,128.62667,1,2024-04-25 02:24:37,1000788
36.20389,127.08472,36.6009,126.665,1,2024-05-15 14:14:47,1000879
36.82167,128.63083,36.20389,127.08472,1,2024-04-29 16:38:35,1000696
36.82167,128.63083,37.65639,126.835,0,2024-05-05 11:21:50,1000712
37.1759,128.9889,36.6009,126.665,1,2024-05-16 19:13:27,1000581
36.82167,128.63083,37.65639,126.835,0,2024-04-28 15:37:37,1000420
34.8825,128.62667,36.6009,126.665,0,2024-05-14 06:57:42,1000512
37.1759,128.9889,37.1759,128.9889,0,2024-05-14 14:56:42,1000288
34.8825,128.62667,37.65639,126.835,0,2024-05-03 18:48:57,1000940
36.82167,128.63083,36.82167,128.63083,0,2024-05-17 12:54:55,1000889
36.6009,126.665,37.65639,126.835,1,2024-05-19 14:15:53,1000609
36.20389,127.08472,34.8825,128.62667,0,2024-04-28 08:14:34,1000480
36.20389,127.08472,37.1759,128.9889,1,2024-05-01 03:41:37,1000798
36.82167,128.63083,34.8825,128.62667,1,2024-05-15 20:47:36,1000178
37.65639,126.835,36.82167,128.63083,0,2024-04-29 09:42:09,1000038
37.65639,126.835,36.20389,127.08472,1,2024-05-02 06:31:56,1000754
36.20389,127.08472,37.1759,128.9889,0,2024-04-30 21:19:18,1000907
36.20389,127.08472,36.82167,128.63083,0,2024-05-18 11:51:55,1000301
37.1759,128.9889,37.65639,126.835,0,2024-05-05 04:34:18,1000474
36.82167,128.63083,37.1759,128.9889,0,2024-05-10 12:02:33,1000258
37.65639,126.835,36.82167,128.63083,0,2024-05-07 10:27:08,1000259
36.82167,128.63083,36.82167,128.63083,1,2024-05-21 07:20:44,1000476
36.20389,127.08472,36.82167,128.63083,0,2024-05-19 18:06:30,1000823
37.65639,126.835,36.6009,126.665,0,2024-04-24 15:04:57,1000460
37.1759,128.9889,37.1759,128.9889,1,2024-04-25 17:59:27,1000716
36.20389,127.08472,36.82167,128.63083,0,2024-05-22 12:58:32,1000693
34.8825,128.62667,37.65639,126.835,0,2024-05-15 13:37:03,1000110
37.1759,128.9889,36.20389,127.08472,1,2024-05-16 11:25:53,1000453
34.8825,128.62667,36.6009,126.665,1,2024-05-18 16:48:37,1000629
36.20389,127.08472,36.6009,126.665,0,2024-05-10 17:28:59,1000965
36.20389,127.08472,36.6009,126.665,1,2024-05-07 09:31:50,1000133
36.82167,128.63083,37.1759,128.9889,1,2024-05-23 14:40:54,1000912
37.65639,126.835,37.1759,128.9889,0,2024-05-12 21:00:52,1000034
36.6009,126.665,36.6009,126.665,1,2024-04-28 22:28:47,1000827
36.82167,128.63083,36.82167,128.63083,0,2024-05-04 13:26:56,1000664
34.8825,128.62667,36.20389,127.08472,0,2024-05-23 04:51:50,1000619
34.8825,128.62667,37.65639,126.835,1,2024-05-04 01:00:25,1000355
37.1759,128.9889,36.20389,127.08472,1,2024-05-09 23:45:46,1000059
36.6009,126.665,37.1759,128.9889,0,2024-04-28 19:36:50,1000893
37.1759,128.9889,37.1759,128.9889,0,2024-05-03 15:37:54,1000631
34.8825,128.62667,37.1759,128.9889,1,2024-05-04 00:37:01,1000486
34.8825,128.62667,34.8825,128.62667,1,2024-05-18 12:26:13,1000482
36.6009,126.665,37.65639,126.835,0,2024-05-11 00:43:10,1000111
36.82167,128.63083,37.1759,128.9889,1,2024-05-20 07:39:43,1000852
34.8825,128.62667,36.6009,126.665,0,2024-05-08 22:43:33,1000634
37.1759,128.9889,34.8825,128.62667,0,2024-04-26 09:55:30,1000043
37.1759,128.9889,36.6009,126.665,0,2024-04-25 06:15:39,1000184
36.20389,127.08472,36.6009,126.665,1,2024-05-09 20:53:41,1000611
37.1759,128.9889,36.82167,128.63083,0,2024-05-14 04:36:46,1000476
36.20389,127.08472,37.65639,126.835,1,2024-05-16 19:53:09,1000002
36.6009,126.665,36.82167,128.63083,0,2024-05-06 18:24:32,1000869
34.8825,128.62667,37.65639,126.835,1,2024-05-08 03:41:08,1000221
36.6009,126.665,36.6009,126.665,1,2024-05-24 05:57:14,1000213
37.1759,128.9889,36.6009,126.665,1,2024-04-27 06:59:45,1000023
36.82167,128.63083,36.6009,126.665,0,2024-05-19 03:33:34,1000721
36.20389,127.08472,37.1759,128.9889,0,2024-05-23 14:03:20,1000639
36.20389,127.08472,36.82167,128.63083,0,2024-05-22 23:27:26,1000754
34.8825,128.62667,36.20389,127.08472,1,2024-05-05 11:47:19,1000933
36.20389,127.08472,36.6009,126.665,1,2024-05-23 16:58:40,1000811
34.8825,128.62667,36.82167,128.63083,1,2024-05-24 03:56:03,1000858
36.82167,128.63083,36.20389,127.08472,0,2024-04-25 17:42:10,1000366
36.82167,128.63083,36.20389,127.08472,1,2024-05-08 23:56:38,1000464
36.20389,127.08472,36.6009,126.665,1,2024-04-27 15:38:20,1000632
36.82167,128.63083,36.6009,126.665,1,2024-05-20 04:49:58,1000114
36.82167,128.63083,36.82167,128.63083,1,2024-05-15 08:49:40,1000697
36.82167,128.63083,36.82167,128.63083,0,2024-05-07 05:13:15,1000276
36.82167,128.63083,36.20389,127.08472,0,2024-05-10 04:36:04,1000872
36.82167,128.63083,34.8825,128.62667,1,2024-05-03 20:33:58,1000074
36.20389,127.08472,36.82167,128.63083,1,2024-05-18 11:17:42,1000226
36.6009,126.665,34.8825,128.62667,1,2024-05-24 06:37:46,1000882
34.8825,128.62667,37.1759,128.9889,1,2024-05-01 17:42:58,1000427
34.8825,128.62667,36.82167,128.63083,0,2024-04-24 13:18:34,1000495
37.65639,126.835,36.20389,127.08472,1,2024-05-18 13:59:17,1000303
37.65639,126.835,37.65639,126.835,0,2024-05-15 15:37:54,1000944
37.1759,128.9889,37.65639,126.835,0,2024-05-09 04:14:03,1000753
36.6009,126.665,37.1759,128.9889,0,2024-04-30 13:13:29,1000655
37.65639,126.835,37.65639,126.835,0,2024-05-20 20:05:32,1000269
37.65639,126.835,37.1759,128.9889,0,2024-05-01 20:27:01,1000007
36.82167,128.63083,34.8825,128.62667,1,2024-05-21 02:45:29,1000699
34.8825,128.62667,37.1759,128.9889,1,2024-05-04 09:32:45,1000987
36.20389,127.08472,37.1759,128.9889,0,2024-04-26 11:06:15,1000458
37.65639,126.835,37.1759,128.9889,0,2024-05-11 06:40:40,1000436
37.1759,128.9889,34.8825,128.62667,1,2024-05-20 21:42:17,1000426
37.65639,126.835,36.20389,127.08472,1,2024-05-06 20:33:50,1000459
37.65639,126.835,36.20389,127.08472,1,2024-05-05 09:23:57,1000046
37.65639,126.835,37.65639,126.835,0,2024-05-15 09:12:24,1000805
34.8825,128.62667,34.8825,128.62667,1,2024-04-30 21:28:18,1000747
36.6009,126.665,34.8825,128.62667,1,2024-05-08 15:36:08,1000497
36.20389,127.08472,37.1759,128.9889,0,2024-05-19 00:17:27,1000059
36.20389,127.08472,37.1759,128.9889,1,2024-05-10 05:19:43,1000245
36.20389,127.08472,37.65639,126.835,1,2024-05-04 06:00:16,1000881
36.20389,127.08472,36.6009,126.665,1,2024-05-13 18:53:43,1000491
36.6009,126.665,36.82167,128.63083,1,2024-05-04 18:46:18,1000264
36.6009,126.665,37.65639,126.835,0,2024-05-20 06:27:12,1000806
37.65639,126.835,37.65639,126.835,0,2024-05-22 19:51:39,1000256
37.1759,128.9889,34.8825,128.62667,0,2024-05-22 17:42:16,1000260
36.82167,128.63083,36.6009,126.665,1,2024-05-06 20:45:00,1000060
36.82167,128.63083,36.82167,128.63083,1,2024-05-14 14:42:49,1000507
36.82167,128.63083,37.65639,126.835,0,2024-05-12 13:30:45,1000438
36.6009,126.665,36.20389,127.08472,0,2024-05-03 06:52:26,1000922
36.20389,127.08472,36.20389,127.08472,1,2024-05-14 03:12:37,1000838
37.1759,128.9889,36.20389,127.08472,1,2024-04-27 13:35:30,1000837
37.65639,126.835,36.20389,127.08472,1,2024-04-27 19:26:41,1000348
36.82167,128.63083,37.65639,126.835,1,2024-05-07 08:41:20,1000318
37.1759,128.9889,34.8825,128.62667,1,2024-05-02 12:37:32,1000386
37.65639,126.835,36.20389,127.08472,0,2024-05-12 03:24:31,1000413
36.20389,127.08472,36.6009,126.665,1,2024-05-15 18:11:21,1000788
37.65639,126.835,37.65639,126.835,1,2024-04-25 12:03:42,1000086
36.6009,126.665,36.82167,128.63083,0,2024-05-14 14:28:46,1000756
36.20389,127.08472,34.8825,128.62667,0,2024-05-02 13:12:20,1000653
36.6009,126.665,36.82167,128.63083,1,2024-04-25 19:56:31,1000725
37.1759,128.9889,36.82167,128.63083,0,2024-05-06 00:58:56,1000911
37.1759,128.9889,36.20389,127.08472,1,2024-05-15 12:58:06,1000503
36.6009,126.665,34.8825,128.62667,1,2024-05-11 05:44:10,1000295
36.6009,126.665,36.82167,128.63083,0,2024-05-05 12:42:24,1000927
34.8825,128.62667,34.8825,128.62667,1,2024-05-07 01:56:24,1001000
36.20389,127.08472,36.82167,128.63083,1,2024-05-14 12:11:15,1000135
37.1759,128.9889,36.82167,128.63083,0,2024-05-08 09:19:44,1000873
34.8825,128.62667,36.82167,128.63083,1,2024-05-08 12:07:50,1000103
37.1759,128.9889,34.8825,128.62667,0,2024-05-19 07:38:29,1000930
36.6009,126.665,36.20389,127.08472,1,2024-05-21 15:17:17,1000396
36.6009,126.665,36.82167,128.63083,0,2024-04-25 16:25:57,1000953
36.20389,127.08472,36.20389,127.08472,1,2024-05-17 02:42:15,1000932
36.6009,126.665,36.6009,126.665,1,2024-05-16 01:21:46,1000451
34.8825,128.62667,36.20389,127.08472,0,2024-05-08 19:17:40,1000589
36.82167,128.63083,37.65639,126.835,1,2024-05-03 11:40:22,1000384
36.82167,128.63083,36.6009,126.665,0,2024-04-29 01:55:40,1000472
36.82167,128.63083,37.65639,126.835,0,2024-04-30 02:44:38,1000031
37.65639,126.835,34.8825,128.62667,1,2024-05-20 16:25:41,1000013
37.1759,128.9889,34.8825,128.62667,1,2024-05-08 03:33:04,1000240
36.20389,127.08472,37.1759,128.9889,1,2024-05-07 00:48:06,1000088
34.8825,128.62667,36.6009,126.665,1,2024-05-16 06:49:00,1000865
36.6009,126.665,36.20389,127.08472,0,2024-05-15 03:34:24,1000611
36.6009,126.665,37.65639,126.835,0,2024-05-11 11:28:11,1000345
37.65639,126.835,37.1759,128.9889,0,2024-05-10 19:03:18,1000723
36.6009,126.665,36.20389,127.08472,0,2024-05-21 19:53:01,1000869
36.20389,127.08472,37.65639,126.835,1,2024-05-16 14:54:47,1000899
36.6009,126.665,36.20389,127.08472,0,2024-04-30 02:56:44,1000630
34.8825,128.62667,36.6009,126.665,0,2024-04-30 08:25:05,1000789
37.1759,128.9889,37.1759,128.9889,0,2024-04-25 12:12:33,1000780
36.6009,126.665,37.65639,126.835,0,2024-05-12 08:12:42,1000493
37.1759,128.9889,36.6009,126.665,1,2024-05-14 06:33:31,1000901
34.8825,128.62667,36.82167,128.63083,0,2024-04-28 03:29:22,1000469
36.6009,126.665,34.8825,128.62667,1,2024-05-12 12:37:13,1000916
36.82167,128.63083,36.6009,126.665,0,2024-05-14 01:58:33,1000944
36.20389,127.08472,36.20389,127.08472,0,2024-05-11 20:14:34,1000304
37.1759,128.9889,34.8825,128.62667,1,2024-04-25 17:13:19,1000805
36.20389,127.08472,37.65639,126.835,0,2024-05-16 21:25:21,1000807
36.6009,126.665,37.1759,128.9889,1,2024-05-23 06:51:04,1000891
36.82167,128.63083,36.20389,127.08472,0,2024-04-27 12:18:00,1000789
36.82167,128.63083,37.65639,126.835,0,2024-04-28 20:02:08,1000465
36.6009,126.665,34.8825,128.62667,1,2024-05-22 13:51:37,1000823
37.65639,126.835,36.6009,126.665,1,2024-05-03 15:06:45,1000736
37.1759,128.9889,37.1759,128.9889,1,2024-04-26 10:01:10,1000788
36.20389,127.08472,37.65639,126.835,0,2024-05-15 06:57:42,1000991
36.82167,128.63083,37.65639,126.835,0,2024-05-11 02:39:12,1000673
36.20389,127.08472,36.20389,127.08472,0,2024-04-26 17:59:26,1000937
36.20389,127.08472,36.82167,128.63083,0,2024-04-30 15:52:38,1000440
36.6009,126.665,36.82167,128.63083,1,2024-04-27 11:04:03,1000235
34.8825,128.62667,36.20389,127.08472,0,2024-05-19 23:10:26,1000789
37.65639,126.835,34.8825,128.62667,1,2024-05-18 06:35:07,1000338
36.20389,127.08472,36.20389,127.08472,1,2024-05-04 13:43:09,1000101
37.65639,126.835,34.8825,128.62667,0,2024-05-16 08:22:41,1000670
37.65639,126.835,37.1759,128.9889,0,2024-04-25 14:22:08,1000003
37.1759,128.9889,36.20389,127.08472,1,2024-04-25 03:45:41,1000043
36.20389,127.08472,37.1759,128.9889,0,2024-04-28 17:56:08,1000972
36.6009,126.665,37.1759,128.9889,1,2024-04-26 17:10:02,1000043
37.65639,126.835,37.1759,128.9889,1,2024-05-06 12:41:55,1000975
36.6009,126.665,37.65639,126.835,1,2024-04-30 04:25:11,1000426
36.82167,128.63083,34.8825,128.62667,1,2024-05-22 21:14:42,1000894
36.20389,127.08472,36.82167,128.63083,1,2024-04-25 19:34:49,1000503
37.65639,126.835,36.6009,126.665,0,2024-04-27 01:10:12,1000341
37.1759,128.9889,37.65639,126.835,0,2024-05-15 09:30:10,1000667
34.8825,128.62667,37.1759,128.9889,0,2024-05-04 21:21:28,1000755
36.6009,126.665,34.8825,128.62667,0,2024-05-23 18:04:21,1000804
36.6009,126.665,36.20389,127.08472,1,2024-05-10 15:05:33,1000971
36.20389,127.08472,34.8825,128.62667,0,2024-05-10 11:41:43,1000679
36.6009,126.665,36.82167,128.63083,0,2024-05-19 14:54:13,1000070
36.6009,126.665,37.65639,126.835,0,2024-05-23 09:12:16,1000037
34.8825,128.62667,37.1759,128.9889,1,2024-05-02 07:30:10,1000099
36.20389,127.08472,36.6009,126.665,1,2024-05-19 16:33:39,1000873
37.65639,126.835,36.6009,126.665,0,2024-04-28 02:15:16,1000390
36.6009,126.665,36.82167,128.63083,0,2024-05-18 08:14:57,1000481
36.82167,128.63083,36.20389,127.08472,0,2024-04-26 21:49:50,1000465
37.65639,126.835,36.20389,127.08472,1,2024-05-20 11:37:14,1000411
37.1759,128.9889,36.6009,126.665,1,2024-05-24 03:18:41,1000174
36.20389,127.08472,36.20389,127.08472,1,2024-05-11 18:30:14,1000396
36.20389,127.08472,37.65639,126.835,0,2024-05-02 13:59:54,1000371
36.20389,127.08472,34.8825,128.62667,0,2024-05-06 08:25:04,1000024
37.1759,128.9889,36.6009,126.665,1,2024-05-11 12:16:55,1000998
34.8825,128.62667,36.82167,128.63083,1,2024-05-17 01:56:33,1000226
34.8825,128.62667,37.1759,128.9889,1,2024-05-14 15:38:45,1000538
36.20389,127.08472,37.1759,128.9889,0,2024-05-01 02:56:10,1000197
37.1759,128.9889,36.6009,126.665,1,2024-04-24 15:39:22,1000267
36.82167,128.63083,36.6009,126.665,1,2024-04-28 02:00:47,1000598
36.82167,128.63083,36.82167,128.63083,1,2024-05-19 21:18:55,1000788
36.82167,128.63083,36.82167,128.63083,1,2024-05-07 04:46:21,1000850
37.1759,128.9889,37.65639,126.835,0,2024-05-13 15:39:02,1000718
36.82167,128.63083,36.82167,128.63083,1,2024-05-20 01:01:19,1000599
36.6009,126.665,36.82167,128.63083,1,2024-05-05 22:50:42,1000786
37.1759,128.9889,34.8825,128.62667,0,2024-04-30 06:55:51,1000773
37.1759,128.9889,36.20389,127.08472,1,2024-04-27 08:28:11,1000188
36.82167,128.63083,36.82167,128.63083,1,2024-05-18 19:41:51,1000255
37.1759,128.9889,37.65639,126.835,1,2024-05-17 08:34:10,1000278
36.20389,127.08472,36.82167,128.63083,1,2024-05-03 15:09:57,1000191
36.82167,128.63083,36.20389,127.08472,0,2024-05-20 06:04:10,1000157
36.6009,126.665,37.1759,128.9889,1,2024-04-26 17:32:12,1000782
36.6009,126.665,34.8825,128.62667,0,2024-04-25 16:21:08,1000588
37.1759,128.9889,36.82167,128.63083,0,2024-05-06 07:31:14,1000749
37.65639,126.835,36.82167,128.63083,0,2024-05-08 10:18:32,1000247
37.1759,128.9889,36.20389,127.08472,0,2024-05-02 14:12:30,1000737
37.65639,126.835,36.82167,128.63083,1,2024-04-27 17:42:45,1000530
36.82167,128.63083,36.6009,126.665,0,2024-05-16 14:52:17,1000048
34.8825,128.62667,36.6009,126.665,1,2024-05-04 16:04:04,1000285
36.20389,127.08472,36.6009,126.665,1,2024-05-02 04:01:29,1000564
37.65639,126.835,36.82167,128.63083,0,2024-05-14 04:03:47,1000010
37.1759,128.9889,37.65639,126.835,0,2024-05-21 09:37:54,1000114
34.8825,128.62667,36.82167,128.63083,0,2024-04-27 04:54:28,1000417
36.6009,126.665,36.6009,126.665,0,2024-04-25 04:17:09,1000576
37.65639,126.835,36.6009,126.665,0,2024-05-03 07:07:59,1000680
37.65639,126.835,37.1759,128.9889,1,2024-05-15 00:36:47,1000528
36.82167,128.63083,34.8825,128.62667,0,2024-05-11 17:50:17,1000055
36.6009,126.665,34.8825,128.62667,1,2024-05-16 01:05:28,1000322
34.8825,128.62667,37.1759,128.9889,1,2024-04-26 16:07:20,1000959
37.65639,126.835,34.8825,128.62667,0,2024-05-24 06:20:31,1000249
36.82167,128.63083,37.1759,128.9889,0,2024-05-11 09:08:02,1000843
36.82167,128.63083,37.65639,126.835,1,2024-05-17 06:39:09,1000021
36.6009,126.665,37.65639,126.835,0,2024-05-22 10:45:24,1000961
37.65639,126.835,36.82167,128.63083,0,2024-05-15 03:25:22,1000955
37.1759,128.9889,36.6009,126.665,0,2024-05-13 10:27:45,1000828
36.82167,128.63083,36.82167,128.63083,1,2024-04-26 10:10:05,1000655
37.1759,128.9889,36.20389,127.08472,1,2024-05-09 09:03:22,1000298
36.82167,128.63083,36.20389,127.08472,1,2024-04-26 16:45:53,1000253
36.82167,128.63083,36.82167,128.63083,0,2024-05-17 21:56:41,1000646
34.8825,128.62667,37.1759,128.9889,1,2024-05-12 00:24:39,1000417
37.1759,128.9889,34.8825,128.62667,1,2024-05-08 01:05:04,1000689
36.6009,126.665,37.65639,126.835,1,2024-05-13 10:25:32,1000366
36.20389,127.08472,36.6009,126.665,0,2024-04-27 04:46:38,1000622
37.1759,128.9889,37.65639,126.835,0,2024-05-07 12:17:43,1000344
36.6009,126.665,36.20389,127.08472,1,2024-04-28 12:42:47,1000744
36.82167,128.63083,36.82167,128.63083,1,2024-05-08 11:18:11,1000632
34.8825,128.62667,36.6009,126.665,0,2024-05-16 10:07:09,1000028
34.8825,128.62667,36.20389,127.08472,0,2024-05-16 03:41:26,1000011
37.65639,126.835,36.82167,128.63083,1,2024-05-06 03:59:31,1000706
37.65639,126.835,36.6009,126.665,0,2024-05-06 02:37:15,1000234
36.20389,127.08472,37.65639,126.835,1,2024-05-17 14:10:52,1000978
37.65639,126.835,37.1759,128.9889,1,2024-05-09 06:53:12,1000993
36.20389,127.08472,36.6009,126.665,1,2024-05-11 15:02:19,1000677
37.65639,126.835,37.1759,128.9889,0,2024-05-16 09:09:27,1000072
37.65639,126.835,37.1759,128.9889,1,2024-05-10 14:27:30,1000223
36.20389,127.08472,37.1759,128.9889,1,2024-05-01 21:48:59,1000373
37.1759,128.9889,36.82167,128.63083,0,2024-05-04 08:07:49,1000037
36.20389,127.08472,36.82167,128.63083,0,2024-05-07 06:51:39,1000183
37.1759,128.9889,36.82167,128.63083,0,2024-05-11 02:28:40,1000221
36.6009,126.665,34.8825,128.62667,0,2024-05-16 18:39:14,1000910
36.82167,128.63083,36.6009,126.665,0,2024-05-07 19:04:11,1000043
37.65639,126.835,37.1759,128.9889,0,2024-05-12 14:44:23,1000254
36.6009,126.665,37.65639,126.835,1,2024-05-03 01:27:22,1000913
37.1759,128.9889,37.65639,126.835,0,2024-05-13 13:49:42,1000004
36.20389,127.08472,36.20389,127.08472,1,2024-05-20 21:22:25,1000869
36.82167,128.63083,37.1759,128.9889,1,2024-04-30 00:17:57,1000158
36.82167,128.63083,37.65639,126.835,0,2024-05-21 06:48:46,1000491
37.65639,126.835,36.82167,128.63083,1,2024-05-13 13:19:35,1000706
37.1759,128.9889,37.1759,128.9889,1,2024-05-17 00:57:12,1000690
36.82167,128.63083,37.65639,126.835,1,2024-05-02 15:26:05,1000843
36.82167,128.63083,37.65639,126.835,1,2024-05-14 02:53:56,1000899
36.6009,126.665,36.20389,127.08472,0,2024-05-19 05:18:30,1000192
36.20389,127.08472,34.8825,128.62667,1,2024-05-02 10:02:30,1000409
37.1759,128.9889,37.1759,128.9889,1,2024-05-12 09:08:11,1000630
37.1759,128.9889,37.1759,128.9889,0,2024-05-21 12:33:14,1000402
36.20389,127.08472,36.6009,126.665,0,2024-05-05 16:28:38,1000208
36.82167,128.63083,36.82167,128.63083,0,2024-05-23 04:37:16,1000655
36.20389,127.08472,36.6009,126.665,1,2024-05-23 22:50:03,1000777
36.6009,126.665,36.20389,127.08472,0,2024-04-26 05:04:11,1000635
37.1759,128.9889,36.20389,127.08472,0,2024-05-20 17:44:54,1000110
36.20389,127.08472,34.8825,128.62667,0,2024-05-16 10:48:49,1000287
36.82167,128.63083,37.65639,126.835,0,2024-05-23 22:24:12,1000840
34.8825,128.62667,36.82167,128.63083,1,2024-05-20 13:12:57,1000668
36.20389,127.08472,37.1759,128.9889,1,2024-05-11 08:00:17,1000136
37.65639,126.835,36.6009,126.665,1,2024-04-26 17:23:41,1000497
37.65639,126.835,34.8825,128.62667,1,2024-05-10 18:46:55,1000287
37.65639,126.835,37.1759,128.9889,1,2024-05-17 15:18:01,1000277
34.8825,128.62667,37.65639,126.835,1,2024-05-06 02:17:11,1000836
37.65639,126.835,37.1759,128.9889,1,2024-05-08 16:33:10,1000336
37.65639,126.835,34.8825,128.62667,1,2024-05-08 12:44:23,1000610
36.82167,128.63083,36.82167,128.63083,0,2024-05-01 20:38:15,1000260
36.82167,128.63083,37.1759,128.9889,0,2024-05-15 02:44:41,1000277
36.6009,126.665,37.1759,128.9889,1,2024-04-25 15:38:48,1000644
37.1759,128.9889,37.65639,126.835,1,2024-05-04 23:36:37,1000243
36.82167,128.63083,36.20389,127.08472,1,2024-05-10 19:19:33,1000174
34.8825,128.62667,34.8825,128.62667,1,2024-05-02 17:52:05,1000647
37.65639,126.835,36.20389,127.08472,0,2024-05-21 07:26:52,1000724
37.65639,126.835,36.6009,126.665,0,2024-05-16 04:23:00,1000754
37.1759,128.9889,37.65639,126.835,1,2024-05-19 02:34:31,1000623
34.8825,128.62667,37.65639,126.835,1,2024-04-28 19:59:19,1000436
36.20389,127.08472,36.20389,127.08472,0,2024-05-21 10:35:01,1000719
34.8825,128.62667,36.6009,126.665,0,2024-05-04 02:11:23,1000944
36.82167,128.63083,37.65639,126.835,0,2024-05-03 05:25:13,1000312
37.65639,126.835,36.20389,127.08472,1,2024-04-30 19:10:45,1000980
36.82167,128.63083,37.1759,128.9889,0,2024-04-25 19:53:20,1000230
37.1759,128.9889,36.82167,128.63083,0,2024-05-11 14:58:44,1000603
37.1759,128.9889,37.1759,128.9889,0,2024-05-22 18:29:50,1000375
36.82167,128.63083,37.65639,126.835,1,2024-04-27 22:11:23,1000310
34.8825,128.62667,34.8825,128.62667,1,2024-05-24 01:23:47,1000355
36.20389,127.08472,36.6009,126.665,0,2024-04-26 22:32:04,1000923
36.20389,127.08472,36.82167,128.63083,0,2024-05-11 01:38:43,1000411
37.1759,128.9889,36.82167,128.63083,1,2024-05-05 04:24:56,1000198
36.82167,128.63083,37.65639,126.835,1,2024-04-26 16:50:25,1000993
34.8825,128.62667,36.82167,128.63083,0,2024-05-20 11:14:11,1000102
36.6009,126.665,34.8825,128.62667,0,2024-05-09 06:26:14,1000425
37.1759,128.9889,36.82167,128.63083,1,2024-05-10 10:11:16,1000762
36.6009,126.665,36.82167,128.63083,0,2024-05-19 18:05:11,1000620
37.1759,128.9889,37.1759,128.9889,0,2024-05-06 21:34:26,1000302
37.1759,128.9889,37.1759,128.9889,0,2024-05-12 00:43:02,1000811
37.65639,126.835,34.8825,128.62667,1,2024-04-30 14:29:54,1000528
34.8825,128.62667,36.82167,128.63083,1,2024-05-02 20:24:56,1000974
36.6009,126.665,37.1759,128.9889,0,2024-05-19 17:49:20,1000174
37.1759,128.9889,36.6009,126.665,1,2024-05-22 07:32:55,1000382
34.8825,128.62667,36.20389,127.08472,1,2024-04-29 02:32:18,1000332
34.8825,128.62667,37.65639,126.835,0,2024-05-17 19:08:42,1000636
34.8825,128.62667,36.6009,126.665,0,2024-05-13 09:48:23,1000058
37.1759,128.9889,36.6009,126.665,0,2024-05-20 21:40:20,1000437
37.1759,128.9889,37.1759,128.9889,1,2024-05-12 03:55:08,1000186
36.82167,128.63083,36.20389,127.08472,1,2024-05-17 18:46:47,1000552
36.82167,128.63083,37.1759,128.9889,0,2024-05-11 21:56:53,1000484
37.1759,128.9889,36.82167,128.63083,1,2024-05-20 19:46:48,1000734
36.82167,128.63083,37.1759,128.9889,1,2024-05-15 12:42:17,1000343
37.1759,128.9889,36.6009,126.665,1,2024-05-09 15:57:38,1000143
37.65639,126.835,36.6009,126.665,1,2024-05-04 11:28:42,1000388
36.6009,126.665,36.20389,127.08472,1,2024-05-22 15:36:14,1000616
37.1759,128.9889,36.20389,127.08472,1,2024-05-21 19:58:00,1000594
37.1759,128.9889,36.82167,128.63083,0,2024-04-28 19:41:09,1000190
36.82167,128.63083,37.1759,128.9889,1,2024-05-02 04:29:09,1000989
34.8825,128.62667,36.6009,126.665,0,2024-05-24 01:56:23,1000094
37.65639,126.835,34.8825,128.62667,1,2024-05-15 07:36:25,1000175
37.1759,128.9889,37.1759,128.9889,1,2024-04-29 23:34:59,1000406
37.65639,126.835,37.1759,128.9889,0,2024-05-22 10:00:13,1000027
36.6009,126.665,36.82167,128.63083,1,2024-05-18 16:50:11,1000910
36.82167,128.63083,36.6009,126.665,1,2024-05-02 16:39:02,1000168
36.6009,126.665,37.1759,128.9889,1,2024-05-12 17:19:10,1000611
36.6009,126.665,37.65639,126.835,0,2024-04-25 01:34:04,1000364
37.1759,128.9889,34.8825,128.62667,1,2024-05-03 10:05:37,1000373
36.6009,126.665,36.6009,126.665,1,2024-05-17 22:20:26,1000054
36.82167,128.63083,36.6009,126.665,0,2024-05-19 14:20:49,1000851
37.65639,126.835,37.1759,128.9889,0,2024-05-04 10:06:09,1000416
37.65639,126.835,36.6009,126.665,1,2024-05-18 01:08:25,1000522
36.82167,128.63083,37.65639,126.835,0,2024-05-11 06:23:05,1000312
36.6009,126.665,36.82167,128.63083,1,2024-05-23 21:09:15,1000797
37.65639,126.835,36.6009,126.665,1,2024-05-03 00:13:53,1000111
34.8825,128.62667,36.6009,126.665,0,2024-05-01 20:07:26,1000826
36.82167,128.63083,36.6009,126.665,1,2024-05-01 21:52:39,1000032
36.20389,127.08472,37.1759,128.9889,0,2024-04-30 08:49:28,1000976
36.82167,128.63083,37.1759,128.9889,0,2024-05-05 02:02:53,1000080
36.82167,128.63083,36.20389,127.08472,0,2024-05-10 13:13:08,1000594
36.20389,127.08472,37.65639,126.835,1,2024-05-10 15:12:48,1000086
36.20389,127.08472,37.65639,126.835,0,2024-05-05 07:19:22,1000122
36.20389,127.08472,36.20389,127.08472,1,2024-05-06 10:56:53,1000082
36.82167,128.63083,36.20389,127.08472,1,2024-05-05 08:28:28,1000171
36.20389,127.08472,34.8825,128.62667,0,2024-05-09 20:00:08,1000539
37.1759,128.9889,37.1759,128.9889,0,2024-04-26 20:29:59,1000360
34.8825,128.62667,37.65639,126.835,0,2024-05-08 13:58:15,1000070
37.65639,126.835,34.8825,128.62667,0,2024-05-02 08:32:21,1000708
34.8825,128.62667,36.20389,127.08472,0,2024-05-22 00:37:39,1000518
36.20389,127.08472,36.20389,127.08472,0,2024-05-08 19:16:49,1000726
36.20389,127.08472,36.6009,126.665,0,2024-05-21 16:10:29,1000077
36.6009,126.665,37.1759,128.9889,1,2024-04-30 19:00:13,1000838
34.8825,128.62667,37.1759,128.9889,0,2024-05-20 13:53:25,1000859
36.20389,127.08472,37.1759,128.9889,0,2024-05-08 19:36:48,1000392
34.8825,128.62667,36.20389,127.08472,0,2024-05-06 10:32:23,1000073
34.8825,128.62667,36.20389,127.08472,0,2024-05-02 17:01:08,1000410
36.20389,127.08472,36.82167,128.63083,0,2024-05-08 22:15:36,1000495
34.8825,128.62667,36.6009,126.665,0,2024-05-07 12:27:06,1000926
36.6009,126.665,37.65639,126.835,1,2024-05-08 22:55:40,1000880
36.82167,128.63083,36.20389,127.08472,1,2024-05-23 15:15:37,1000797
36.20389,127.08472,36.6009,126.665,0,2024-05-02 04:18:20,1000579
34.8825,128.62667,37.1759,128.9889,1,2024-05-03 08:43:02,1000203
36.82167,128.63083,37.1759,128.9889,0,2024-05-19 19:41:39,1000367
36.82167,128.63083,36.20389,127.08472,1,2024-05-01 19:23:36,1000473
36.6009,126.665,37.1759,128.9889,1,2024-05-12 15:41:41,1000026
34.8825,128.62667,36.20389,127.08472,1,2024-04-30 22:00:17,1000404
36.82167,128.63083,37.1759,128.9889,0,2024-04-25 10:52:04,1000875
34.8825,128.62667,34.8825,128.62667,1,2024-05-08 18:32:17,1000779
34.8825,128.62667,36.6009,126.665,0,2024-05-14 12:07:51,1000524
36.6009,126.665,36.6009,126.665,0,2024-05-15 20:06:17,1000493
36.82167,128.63083,36.82167,128.63083,1,2024-05-09 15:35:39,1000974
37.1759,128.9889,36.6009,126.665,0,2024-05-03 08:36:51,1000516
36.20389,127.08472,36.82167,128.63083,1,2024-05-11 13:43:20,1000456
36.82167,128.63083,37.65639,126.835,0,2024-05-13 05:15:11,1000781
34.8825,128.62667,36.20389,127.08472,0,2024-05-16 08:05:10,1000013
36.6009,126.665,36.6009,126.665,0,2024-04-25 00:07:36,1000980
37.65639,126.835,36.20389,127.08472,1,2024-05-11 19:24:34,1000519
36.82167,128.63083,36.20389,127.08472,1,2024-05-06 11:15:27,1000061
37.65639,126.835,36.6009,126.665,0,2024-05-06 10:24:50,1000149
36.20389,127.08472,34.8825,128.62667,1,2024-05-22 02:45:10,1000060
36.20389,127.08472,36.82167,128.63083,1,2024-04-25 04:26:21,1000414
36.20389,127.08472,34.8825,128.62667,1,2024-05-18 18:08:14,1000179
36.20389,127.08472,37.65639,126.835,1,2024-05-07 17:26:25,1000920
36.20389,127.08472,37.65639,126.835,1,2024-05-12 12:38:38,1000798
37.1759,128.9889,36.20389,127.08472,0,2024-05-19 02:28:04,1000614
34.8825,128.62667,37.65639,126.835,0,2024-05-10 02:55:51,1000051
36.6009,126.665,36.82167,128.63083,0,2024-05-15 20:43:15,1000014
37.65639,126.835,36.82167,128.63083,1,2024-04-25 18:51:07,1000332
37.65639,126.835,36.20389,127.08472,1,2024-05-17 17:43:36,1000536
36.6009,126.665,37.1759,128.9889,0,2024-05-14 04:03:24,1000564
36.20389,127.08472,37.1759,128.9889,0,2024-04-25 09:49:26,1000991
34.8825,128.62667,36.82167,128.63083,1,2024-04-29 03:47:59,1000875
34.8825,128.62667,37.1759,128.9889,0,2024-05-11 19:12:42,1000864
37.65639,126.835,34.8825,128.62667,0,2024-04-28 06:29:40,1000567
36.20389,127.08472,34.8825,128.62667,1,2024-05-14 11:45:14,1000752
34.8825,128.62667,36.20389,127.08472,0,2024-05-14 21:25:08,1000071
37.65639,126.835,36.20389,127.08472,0,2024-05-17 20:27:46,1000999
34.8825,128.62667,36.82167,128.63083,0,2024-05-08 23:37:54,1000509
34.8825,128.62667,37.65639,126.835,1,2024-05-03 19:05:51,1000655
36.82167,128.63083,36.82167,128.63083,0,2024-05-05 01:08:52,1000099
36.82167,128.63083,36.82167,128.63083,1,2024-05-07 15:30:31,1000424
37.1759,128.9889,36.20389,127.08472,0,2024-05-09 23:38:34,1000290
37.65639,126.835,37.65639,126.835,1,2024-05-18 03:01:31,1000870
37.1759,128.9889,36.82167,128.63083,1,2024-05-06 04:08:08,1000401
37.65639,126.835,37.1759,128.9889,1,2024-05-15 23:29:27,1000987
36.20389,127.08472,34.8825,128.62667,1,2024-05-18 09:49:05,1000251
36.82167,128.63083,37.65639,126.835,1,2024-05-16 13:39:25,1000802
34.8825,128.62667,37.1759,128.9889,0,2024-05-22 11:20:21,1000578
34.8825,128.62667,37.65639,126.835,0,2024-05-09 23:27:18,1000751
36.20389,127.08472,37.1759,128.9889,0,2024-04-26 19:54:52,1000463
37.1759,128.9889,36.20389,127.08472,1,2024-05-07 01:30:41,1000760
36.82167,128.63083,37.65639,126.835,1,2024-05-11 12:04:27,1000142
37.65639,126.835,37.1759,128.9889,1,2024-05-06 12:32:08,1000958
36.6009,126.665,34.8825,128.62667,0,2024-05-05 04:58:55,1000708
37.1759,128.9889,34.8825,128.62667,0,2024-05-06 16:06:30,1000932
34.8825,128.62667,34.8825,128.62667,0,2024-05-13 04:39:31,1000089
36.20389,127.08472,36.82167,128.63083,1,2024-05-14 12:54:37,1000242
37.65639,126.835,36.82167,128.63083,1,2024-05-18 15:17:04,1000462
36.6009,126.665,36.20389,127.08472,0,2024-05-14 22:59:24,1000655
36.20389,127.08472,34.8825,128.62667,1,2024-04-27 09:13:17,1000894
37.1759,128.9889,37.65639,126.835,1,2024-04-26 11:49:46,1000447
36.20389,127.08472,37.65639,126.835,0,2024-04-25 20:41:21,1000732
36.20389,127.08472,37.65639,126.835,1,2024-04-26 04:07:26,1000807
37.65639,126.835,37.1759,128.9889,1,2024-05-22 13:30:47,1000460
36.20389,127.08472,36.6009,126.665,1,2024-05-14 21:49:39,1000806
36.82167,128.63083,37.1759,128.9889,1,2024-05-03 03:32:43,1000623
37.1759,128.9889,34.8825,128.62667,1,2024-05-10 11:47:00,1000322
37.65639,126.835,36.82167,128.63083,1,2024-05-05 06:03:20,1000591
36.20389,127.08472,36.20389,127.08472,1,2024-05-11 02:38:41,1000637
37.1759,128.9889,34.8825,128.62667,0,2024-04-25 12:56:44,1000150
34.8825,128.62667,37.65639,126.835,1,2024-05-03 00:18:05,1000925
36.6009,126.665,36.6009,126.665,1,2024-05-05 04:52:05,1000579
36.82167,128.63083,36.20389,127.08472,1,2024-05-07 00:29:16,1000636
36.6009,126.665,37.65639,126.835,0,2024-05-07 07:25:54,1000696
34.8825,128.62667,36.20389,127.08472,1,2024-05-08 07:44:20,1000163
36.20389,127.08472,37.65639,126.835,0,2024-05-21 23:50:29,1000877
37.1759,128.9889,34.8825,128.62667,0,2024-05-12 15:30:34,1000374
36.6009,126.665,36.6009,126.665,0,2024-04-24 22:39:15,1000393
36.82167,128.63083,36.82167,128.63083,1,2024-05-20 07:14:54,1000092
37.65639,126.835,36.6009,126.665,0,2024-05-06 17:31:56,1000012
37.1759,128.9889,36.6009,126.665,1,2024-05-17 07:41:13,1000125
34.8825,128.62667,36.6009,126.665,1,2024-04-26 13:26:18,1000524
36.20389,127.08472,36.6009,126.665,1,2024-05-01 05:08:50,1000730
36.82167,128.63083,36.82167,128.63083,1,2024-05-06 03:14:38,1000486
36.6009,126.665,36.82167,128.63083,0,2024-05-10 22:09:30,1000807
36.20389,127.08472,36.20389,127.08472,1,2024-05-22 20:07:20,1000381
34.8825,128.62667,37.65639,126.835,0,2024-04-26 12:50:28,1000104
37.65639,126.835,37.1759,128.9889,1,2024-04-30 03:41:44,1000246
37.1759,128.9889,37.1759,128.9889,1,2024-05-19 09:29:05,1000841
34.8825,128.62667,34.8825,128.62667,0,2024-05-07 03:31:21,1000861
36.20389,127.08472,36.6009,126.665,1,2024-05-20 21:56:42,1000642
36.82167,128.63083,36.6009,126.665,1,2024-05-10 10:30:30,1000652
37.1759,128.9889,34.8825,128.62667,1,2024-05-01 03:13:52,1000422
34.8825,128.62667,37.65639,126.835,1,2024-05-21 19:42:15,1000836
36.6009,126.665,36.20389,127.08472,1,2024-05-04 00:00:22,1000484
36.20389,127.08472,34.8825,128.62667,1,2024-05-16 15:33:18,1000938
36.6009,126.665,36.82167,128.63083,0,2024-04-26 20:42:14,1000849
34.8825,128.62667,36.82167,128.63083,0,2024-05-21 22:09:38,1000548
36.6009,126.665,36.20389,127.08472,0,2024-05-03 10:44:28,1000758
36.82167,128.63083,36.82167,128.63083,1,2024-05-18 11:34:40,1000306
37.1759,128.9889,37.65639,126.835,0,2024-04-28 02:57:03,1000725
36.20389,127.08472,37.65639,126.835,1,2024-05-11 20:16:39,1000052
36.82167,128.63083,36.82167,128.63083,0,2024-05-04 16:48:03,1000492
34.8825,128.62667,36.82167,128.63083,1,2024-04-29 11:49:10,1000709
36.20389,127.08472,36.82167,128.63083,1,2024-05-08 00:54:18,1000338
36.6009,126.665,36.6009,126.665,0,2024-05-02 00:04:31,1000701
36.82167,128.63083,37.1759,128.9889,1,2024-05-08 04:01:36,1000688
37.1759,128.9889,37.1759,128.9889,0,2024-05-09 20:51:34,1000565
36.82167,128.63083,36.6009,126.665,0,2024-05-10 04:57:37,1000945
36.20389,127.08472,37.1759,128.9889,1,2024-04-27 19:32:00,1000564
36.82167,128.63083,37.65639,126.835,1,2024-04-25 21:45:51,1000636
34.8825,128.62667,36.6009,126.665,1,2024-05-07 00:42:58,1000743
36.6009,126.665,37.65639,126.835,0,2024-05-19 20:30:13,1000469
36.20389,127.08472,36.82167,128.63083,1,2024-04-29 15:38:02,1000753
34.8825,128.62667,36.82167,128.63083,0,2024-05-09 01:16:52,1000370
36.20389,127.08472,37.1759,128.9889,0,2024-05-22 04:03:57,1000923
36.82167,128.63083,34.8825,128.62667,1,2024-05-12 02:27:50,1000644
36.6009,126.665,34.8825,128.62667,1,2024-05-17 23:14:17,1000247
36.82167,128.63083,37.65639,126.835,1,2024-05-08 01:55:46,1000357
37.1759,128.9889,36.82167,128.63083,1,2024-05-08 17:13:09,1000691
36.6009,126.665,37.65639,126.835,1,2024-05-14 13:35:02,1000575
36.82167,128.63083,36.82167,128.63083,1,2024-05-01 22:33:52,1000955
37.1759,128.9889,34.8825,128.62667,0,2024-05-14 16:22:52,1000144
37.65639,126.835,37.1759,128.9889,0,2024-04-29 14:29:06,1000273
37.1759,128.9889,36.6009,126.665,0,2024-05-18 09:52:26,1000357
36.20389,127.08472,37.1759,128.9889,1,2024-05-10 02:55:25,1000946
36.6009,126.665,34.8825,128.62667,0,2024-04-30 17:23:26,1000997
36.82167,128.63083,37.1759,128.9889,0,2024-05-09 11:31:42,1000228
36.20389,127.08472,37.65639,126.835,1,2024-05-10 22:19:21,1000557
34.8825,128.62667,37.65639,126.835,0,2024-05-04 08:28:18,1000283
36.6009,126.665,36.20389,127.08472,1,2024-04-24 20:18:15,1000826
37.1759,128.9889,36.82167,128.63083,1,2024-05-21 21:11:48,1000439
34.8825,128.62667,36.82167,128.63083,1,2024-05-06 16:26:33,1000344
34.8825,128.62667,37.65639,126.835,0,2024-05-05 07:11:11,1000005
37.1759,128.9889,36.82167,128.63083,1,2024-05-07 15:39:29,1000029
36.20389,127.08472,36.82167,128.63083,1,2024-04-29 01:18:24,1000496
37.65639,126.835,36.20389,127.08472,1,2024-05-06 21:40:34,1000146
34.8825,128.62667,36.6009,126.665,0,2024-05-14 09:27:16,1000415
34.8825,128.62667,36.6009,126.665,1,2024-05-15 22:37:50,1000634
37.65639,126.835,37.65639,126.835,1,2024-05-04 23:18:27,1000720
37.1759,128.9889,37.1759,128.9889,1,2024-05-23 13:19:07,1000900
37.65639,126.835,34.8825,128.62667,0,2024-05-18 15:13:49,1000560
36.20389,127.08472,37.65639,126.835,1,2024-05-21 01:55:04,1000374
36.82167,128.63083,34.8825,128.62667,1,2024-05-01 22:20:26,1000922
37.1759,128.9889,37.1759,128.9889,1,2024-04-29 11:42:48,1000517
36.82167,128.63083,34.8825,128.62667,0,2024-05-24 02:04:22,1000516
36.82167,128.63083,36.82167,128.63083,1,2024-05-03 21:59:13,1000866
36.20389,127.08472,36.82167,128.63083,1,2024-05-01 04:18:54,1000511
36.82167,128.63083,36.6009,126.665,1,2024-05-19 23:37:31,1000521
37.1759,128.9889,34.8825,128.62667,1,2024-05-02 11:02:12,1000453
36.6009,126.665,34.8825,128.62667,0,2024-05-13 14:26:23,1000880
36.20389,127.08472,36.82167,128.63083,1,2024-04-26 20:42:35,1000474
36.20389,127.08472,37.1759,128.9889,0,2024-05-19 19:31:22,1000163
36.6009,126.665,34.8825,128.62667,0,2024-04-27 15:50:31,1000332
36.20389,127.08472,36.82167,128.63083,0,2024-04-26 08:56:35,1000683
36.82167,128.63083,37.65639,126.835,1,2024-05-01 17:03:31,1000384
37.1759,128.9889,34.8825,128.62667,1,2024-05-02 14:43:34,1000346
36.20389,127.08472,36.20389,127.08472,1,2024-05-22 13:35:09,1000832
36.6009,126.665,37.65639,126.835,1,2024-05-13 16:19:07,1000402
34.8825,128.62667,34.8825,128.62667,0,2024-05-23 21:06:46,1000280
34.8825,128.62667,37.1759,128.9889,0,2024-05-11 02:28:29,1000937
37.65639,126.835,36.6009,126.665,1,2024-05-03 23:41:44,1000820
37.1759,128.9889,34.8825,128.62667,1,2024-04-26 11:57:57,1000018
36.82167,128.63083,36.82167,128.63083,1,2024-04-28 03:12:25,1000443
36.6009,126.665,36.20389,127.08472,1,2024-04-28 03:30:51,1000703
37.65639,126.835,36.82167,128.63083,0,2024-05-19 08:18:19,1000795
37.65639,126.835,37.65639,126.835,1,2024-05-14 01:48:36,1000327
34.8825,128.62667,36.20389,127.08472,1,2024-05-16 14:36:47,1000785
34.8825,128.62667,34.8825,128.62667,0,2024-05-15 00:53:39,1000267
36.6009,126.665,37.65639,126.835,0,2024-05-21 08:59:31,1000196
36.20389,127.08472,34.8825,128.62667,1,2024-05-11 02:15:45,1000029
36.82167,128.63083,36.6009,126.665,1,2024-05-21 07:20:47,1000686
36.20389,127.08472,37.1759,128.9889,1,2024-05-05 04:15:26,1000624
36.82167,128.63083,34.8825,128.62667,1,2024-05-22 09:11:03,1000126
37.65639,126.835,34.8825,128.62667,1,2024-05-03 17:18:09,1000989
37.1759,128.9889,34.8825,128.62667,0,2024-05-20 05:11:13,1000206
37.65639,126.835,34.8825,128.62667,1,2024-04-24 16:17:22,1000857
34.8825,128.62667,36.6009,126.665,1,2024-05-07 04:31:30,1000498
36.82167,128.63083,36.82167,128.63083,0,2024-05-20 19:46:20,1000242
37.65639,126.835,37.1759,128.9889,1,2024-05-12 08:41:00,1000952
36.6009,126.665,37.65639,126.835,0,2024-05-23 21:05:45,1000266
37.65639,126.835,37.1759,128.9889,0,2024-05-03 14:56:46,1000508
36.20389,127.08472,36.6009,126.665,1,2024-05-16 02:48:34,1000201
36.82167,128.63083,37.65639,126.835,1,2024-05-09 13:57:30,1000197
36.20389,127.08472,37.1759,128.9889,0,2024-05-12 06:10:57,1000312
36.6009,126.665,34.8825,128.62667,0,2024-04-28 02:32:05,1000643
36.20389,127.08472,36.82167,128.63083,0,2024-05-10 09:16:50,1000146
36.82167,128.63083,37.1759,128.9889,1,2024-05-08 12:26:33,1000683
36.6009,126.665,36.20389,127.08472,1,2024-05-03 05:00:58,1000041
36.6009,126.665,37.1759,128.9889,1,2024-04-30 18:34:44,1000797
37.1759,128.9889,37.65639,126.835,1,2024-05-02 10:02:09,1000296
34.8825,128.62667,36.82167,128.63083,1,2024-04-29 07:48:16,1000054
36.82167,128.63083,37.65639,126.835,0,2024-05-17 20:29:00,1000198
37.1759,128.9889,36.82167,128.63083,1,2024-05-21 11:04:22,1000776
36.20389,127.08472,37.65639,126.835,0,2024-04-26 19:33:08,1000598
36.20389,127.08472,37.1759,128.9889,0,2024-05-23 21:53:20,1000984
36.82167,128.63083,36.6009,126.665,1,2024-04-26 13:50:51,1000129
36.82167,128.63083,36.20389,127.08472,1,2024-05-14 12:00:06,1000719
36.82167,128.63083,36.20389,127.08472,0,2024-04-30 01:36:55,1000516
37.1759,128.9889,36.6009,126.665,1,2024-05-17 06:34:14,1000321
34.8825,128.62667,36.20389,127.08472,0,2024-05-02 05:18:49,1000038
36.6009,126.665,37.65639,126.835,0,2024-05-10 08:40:14,1000149
36.82167,128.63083,36.82167,128.63083,0,2024-05-19 23:11:17,1000338
36.6009,126.665,34.8825,128.62667,1,2024-05-13 01:12:33,1000369
34.8825,128.62667,37.1759,128.9889,0,2024-05-10 22:19:52,1000948
37.65639,126.835,36.20389,127.08472,0,2024-05-11 15:24:43,1000048
36.6009,126.665,37.1759,128.9889,0,2024-04-29 07:36:16,1000119
37.65639,126.835,36.6009,126.665,0,2024-05-20 08:06:47,1000448
36.6009,126.665,37.1759,128.9889,1,2024-04-26 08:34:29,1000203
36.6009,126.665,36.20389,127.08472,1,2024-05-12 04:55:36,1000190
34.8825,128.62667,36.82167,128.63083,0,2024-05-21 06:55:44,1000553
36.6009,126.665,36.82167,128.63083,0,2024-05-21 19:04:33,1000629
37.65639,126.835,36.82167,128.63083,1,2024-05-14 00:07:04,1000677
36.82167,128.63083,36.6009,126.665,0,2024-05-04 20:18:17,1000484
37.65639,126.835,37.65639,126.835,1,2024-05-01 08:57:21,1000341
37.1759,128.9889,36.6009,126.665,0,2024-04-25 12:39:07,1000867
37.1759,128.9889,34.8825,128.62667,1,2024-05-04 19:56:53,1000540
37.65639,126.835,36.82167,128.63083,1,2024-05-05 12:23:48,1000145
37.1759,128.9889,36.20389,127.08472,0,2024-04-29 22:35:18,1000941
34.8825,128.62667,36.6009,126.665,1,2024-05-13 10:54:10,1000590
34.8825,128.62667,34.8825,128.62667,1,2024-04-30 21:49:55,1000562
34.8825,128.62667,37.1759,128.9889,1,2024-05-02 19:43:51,1000887
37.65639,126.835,36.20389,127.08472,0,2024-05-05 14:16:19,1000550
36.82167,128.63083,34.8825,128.62667,1,2024-05-04 21:02:34,1000993
37.1759,128.9889,36.20389,127.08472,1,2024-05-08 09:46:16,1000441
36.82167,128.63083,34.8825,128.62667,0,2024-05-19 11:35:32,1000174
36.6009,126.665,37.65639,126.835,0,2024-05-08 12:45:11,1000095
37.1759,128.9889,34.8825,128.62667,1,2024-05-21 10:50:06,1000552
37.65639,126.835,34.8825,128.62667,0,2024-05-23 21:46:10,1000931
36.20389,127.08472,36.20389,127.08472,1,2024-05-01 17:16:23,1000795
36.6009,126.665,37.65639,126.835,0,2024-05-13 09:20:47,1000262
36.6009,126.665,36.20389,127.08472,0,2024-05-22 18:24:28,1000990
36.20389,127.08472,36.6009,126.665,1,2024-04-24 23:31:36,1000622
36.82167,128.63083,37.1759,128.9889,1,2024-05-14 13:18:18,1000842
37.65639,126.835,37.1759,128.9889,1,2024-05-10 09:33:11,1000201
36.20389,127.08472,37.1759,128.9889,1,2024-04-28 18:26:51,1000236
36.20389,127.08472,37.65639,126.835,0,2024-04-27 01:49:47,1000111
36.82167,128.63083,36.6009,126.665,1,2024-04-30 18:17:28,1000055
36.6009,126.665,37.1759,128.9889,0,2024-04-26 10:14:03,1000632
36.82167,128.63083,36.20389,127.08472,1,2024-04-28 22:32:23,1000957
36.82167,128.63083,36.6009,126.665,1,2024-05-17 17:46:36,1000684
36.6009,126.665,37.1759,128.9889,1,2024-05-10 12:03:49,1000604
36.6009,126.665,34.8825,128.62667,0,2024-05-17 03:02:13,1000215
34.8825,128.62667,36.20389,127.08472,1,2024-05-14 01:03:08,1000590
34.8825,128.62667,37.65639,126.835,0,2024-05-03 23:06:04,1000054
37.1759,128.9889,36.6009,126.665,1,2024-05-05 07:38:51,1000718
34.8825,128.62667,37.65639,126.835,1,2024-04-24 22:17:59,1000986
36.20389,127.08472,34.8825,128.62667,0,2024-05-06 17:56:43,1000436
36.6009,126.665,37.1759,128.9889,0,2024-05-11 09:53:29,1000163
34.8825,128.62667,37.65639,126.835,0,2024-04-28 12:44:05,1000019
37.65639,126.835,36.6009,126.665,0,2024-05-09 11:16:21,1000544
36.20389,127.08472,36.20389,127.08472,1,2024-05-06 03:47:52,1000485
36.82167,128.63083,37.65639,126.835,1,2024-05-04 07:00:47,1000999
36.82167,128.63083,36.20389,127.08472,0,2024-05-21 08:03:11,1000396
36.6009,126.665,36.20389,127.08472,0,2024-05-12 23:57:25,1000377
37.1759,128.9889,37.1759,128.9889,0,2024-04-26 10:39:07,1000323
36.6009,126.665,37.65639,126.835,0,2024-04-27 15:28:56,1000398
34.8825,128.62667,36.82167,128.63083,1,2024-05-19 21:13:42,1000155
36.6009,126.665,36.6009,126.665,0,2024-05-10 13:00:25,1000477
36.82167,128.63083,37.65639,126.835,0,2024-05-05 06:07:39,1000318
34.8825,128.62667,36.20389,127.08472,1,2024-04-30 11:43:00,1000567
36.6009,126.665,37.1759,128.9889,0,2024-05-04 22:51:05,1000870
36.20389,127.08472,36.6009,126.665,1,2024-04-30 21:31:44,1000967
36.6009,126.665,37.65639,126.835,1,2024-05-14 11:22:41,1000420
37.65639,126.835,34.8825,128.62667,0,2024-05-02 02:54:04,1000107
34.8825,128.62667,37.65639,126.835,1,2024-05-19 09:46:26,1000328
37.1759,128.9889,36.82167,128.63083,0,2024-05-18 19:29:21,1000343
37.1759,128.9889,34.8825,128.62667,1,2024-04-24 17:44:17,1000940
37.1759,128.9889,36.82167,128.63083,1,2024-05-06 18:44:01,1000845
37.1759,128.9889,37.1759,128.9889,1,2024-05-10 18:54:47,1000537
34.8825,128.62667,34.8825,128.62667,0,2024-05-02 12:01:29,1000578
34.8825,128.62667,36.82167,128.63083,0,2024-04-29 14:02:36,1000533
36.82167,128.63083,37.65639,126.835,0,2024-05-13 12:34:00,1000961
34.8825,128.62667,36.82167,128.63083,0,2024-05-11 13:49:18,1000954
37.65639,126.835,36.20389,127.08472,1,2024-05-17 15:17:42,1000360
36.6009,126.665,37.1759,128.9889,1,2024-05-05 05:04:52,1000386
37.65639,126.835,34.8825,128.62667,0,2024-05-03 07:25:06,1000389
37.65639,126.835,36.20389,127.08472,0,2024-05-08 00:10:41,1000630
37.65639,126.835,37.65639,126.835,0,2024-04-25 05:59:31,1000377
36.20389,127.08472,36.6009,126.665,0,2024-04-28 07:50:21,1000926
37.65639,126.835,37.1759,128.9889,0,2024-05-24 04:12:30,1000749
34.8825,128.62667,36.82167,128.63083,1,2024-05-14 01:26:09,1000182
34.8825,128.62667,36.20389,127.08472,1,2024-05-16 04:35:16,1000591
36.20389,127.08472,34.8825,128.62667,1,2024-05-12 18:16:25,1000199
37.65639,126.835,36.20389,127.08472,1,2024-04-27 23:36:12,1000334
37.65639,126.835,37.65639,126.835,1,2024-05-01 02:35:18,1000729
36.20389,127.08472,37.1759,128.9889,0,2024-05-03 12:27:14,1000169
36.20389,127.08472,36.20389,127.08472,0,2024-05-16 18:17:04,1000783
37.1759,128.9889,36.20389,127.08472,1,2024-05-13 04:17:23,1000388
34.8825,128.62667,36.20389,127.08472,1,2024-04-28 12:26:16,1000438
37.1759,128.9889,37.65639,126.835,0,2024-05-23 02:33:22,1000186
36.82167,128.63083,36.6009,126.665,1,2024-05-23 07:22:54,1000667
37.65639,126.835,34.8825,128.62667,0,2024-04-27 03:24:35,1000862
36.82167,128.63083,37.1759,128.9889,1,2024-05-20 10:25:37,1000062
36.82167,128.63083,36.20389,127.08472,1,2024-05-16 23:56:28,1000790
36.82167,128.63083,36.82167,128.63083,0,2024-05-19 02:09:53,1000354
37.1759,128.9889,36.6009,126.665,0,2024-05-12 13:49:05,1000898
34.8825,128.62667,34.8825,128.62667,1,2024-05-16 01:31:56,1000815
34.8825,128.62667,37.65639,126.835,1,2024-05-06 13:10:01,1000329
36.20389,127.08472,36.6009,126.665,1,2024-05-12 16:52:25,1000817
37.1759,128.9889,36.20389,127.08472,1,2024-04-26 03:04:08,1000959
37.65639,126.835,37.65639,126.835,0,2024-04-24 12:56:12,1000644
36.20389,127.08472,37.65639,126.835,0,2024-05-15 04:42:02,1000339
36.6009,126.665,36.6009,126.665,0,2024-05-06 06:55:33,1000820
36.82167,128.63083,36.20389,127.08472,1,2024-05-11 11:38:57,1000719
36.20389,127.08472,36.6009,126.665,1,2024-05-03 19:34:49,1000929
37.65639,126.835,34.8825,128.62667,0,2024-05-22 12:22:40,1000001
36.6009,126.665,36.82167,128.63083,0,2024-04-25 08:20:12,1000246
36.6009,126.665,36.20389,127.08472,1,2024-05-04 11:00:18,1000038
36.6009,126.665,36.82167,128.63083,1,2024-05-12 22:21:28,1000135
36.20389,127.08472,37.65639,126.835,1,2024-05-13 20:26:42,1000020
37.1759,128.9889,36.20389,127.08472,1,2024-05-06 18:27:21,1000946
34.8825,128.62667,37.1759,128.9889,0,2024-05-23 10:04:53,1000888
37.1759,128.9889,37.65639,126.835,0,2024-05-02 10:41:28,1000111
34.8825,128.62667,34.8825,128.62667,1,2024-05-09 20:29:12,1000815
36.6009,126.665,37.1759,128.9889,0,2024-05-05 23:19:18,1000813
36.6009,126.665,37.65639,126.835,1,2024-05-13 00:18:59,1000881
36.82167,128.63083,36.20389,127.08472,1,2024-04-24 15:36:09,1000253
36.82167,128.63083,37.65639,126.835,0,2024-05-07 01:48:15,1000721
37.65639,126.835,37.1759,128.9889,1,2024-05-23 05:09:13,1000068
36.82167,128.63083,36.82167,128.63083,0,2024-04-25 21:48:19,1000983
34.8825,128.62667,34.8825,128.62667,0,2024-05-15 07:07:50,1000399
37.1759,128.9889,37.65639,126.835,1,2024-05-22 04:19:52,1000828
36.82167,128.63083,36.20389,127.08472,1,2024-05-23 00:53:43,1000014
36.6009,126.665,36.20389,127.08472,1,2024-05-15 08:22:15,1000205
36.6009,126.665,36.6009,126.665,1,2024-05-11 13:28:39,1000577
34.8825,128.62667,36.82167,128.63083,0,2024-05-11 18:32:39,1000344
37.1759,128.9889,36.6009,126.665,1,2024-05-21 15:39:11,1000895
36.20389,127.08472,37.65639,126.835,1,2024-04-25 20:10:15,1000500
34.8825,128.62667,37.1759,128.9889,1,2024-05-01 22:45:23,1000112
37.1759,128.9889,36.6009,126.665,0,2024-04-26 19:10:16,1000354
36.20389,127.08472,36.20389,127.08472,1,2024-05-03 19:40:45,1000630
36.20389,127.08472,34.8825,128.62667,0,2024-05-19 08:50:32,1000321
37.1759,128.9889,34.8825,128.62667,0,2024-04-28 11:29:50,1000507
34.8825,128.62667,34.8825,128.62667,1,2024-05-16 21:54:01,1000599
37.1759,128.9889,37.65639,126.835,1,2024-05-02 03:54:15,1000485
36.82167,128.63083,34.8825,128.62667,1,2024-05-19 13:25:43,1000629
34.8825,128.62667,37.65639,126.835,1,2024-05-06 10:30:34,1000704
37.65639,126.835,37.1759,128.9889,0,2024-05-05 06:20:09,1000413
34.8825,128.62667,34.8825,128.62667,0,2024-04-30 20:58:29,1000072
37.1759,128.9889,36.82167,128.63083,1,2024-05-15 01:46:30,1000870
37.1759,128.9889,36.6009,126.665,0,2024-05-21 17:34:27,1000056
36.82167,128.63083,36.20389,127.08472,1,2024-05-23 21:33:26,1000685
37.65639,126.835,37.65639,126.835,1,2024-05-18 18:44:10,1000883
36.20389,127.08472,36.20389,127.08472,0,2024-04-25 00:56:08,1000261
36.82167,128.63083,36.6009,126.665,1,2024-05-04 17:26:11,1000513
36.82167,128.63083,36.82167,128.63083,0,2024-05-10 11:11:31,1000707
37.1759,128.9889,36.20389,127.08472,1,2024-05-08 23:53:11,1000013
36.82167,128.63083,36.20389,127.08472,1,2024-05-23 13:38:30,1000847
36.82167,128.63083,36.82167,128.63083,0,2024-05-12 08:04:29,1000050
34.8825,128.62667,37.1759,128.9889,1,2024-05-01 03:53:31,1000524
36.20389,127.08472,36.6009,126.665,0,2024-05-22 03:18:47,1000911
36.82167,128.63083,37.1759,128.9889,1,2024-05-03 02:51:25,1000512
36.20389,127.08472,36.82167,128.63083,0,2024-05-12 02:23:03,1000937
34.8825,128.62667,36.6009,126.665,1,2024-05-22 05:29:30,1000114
37.65639,126.835,36.20389,127.08472,1,2024-05-18 20:00:17,1000947
34.8825,128.62667,36.82167,128.63083,0,2024-04-28 01:40:08,1000454
36.82167,128.63083,36.6009,126.665,1,2024-04-27 23:30:01,1000109
37.1759,128.9889,36.82167,128.63083,1,2024-05-16 02:37:02,1000247
36.82167,128.63083,37.65639,126.835,0,2024-04-28 20:16:18,1000351
34.8825,128.62667,36.20389,127.08472,1,2024-05-08 17:33:51,1000748
36.20389,127.08472,37.65639,126.835,1,2024-04-26 11:41:09,1000924
36.6009,126.665,36.20389,127.08472,0,2024-05-23 11:28:22,1000497
36.20389,127.08472,36.82167,128.63083,0,2024-05-01 21:07:48,1000690
37.65639,126.835,36.20389,127.08472,0,2024-05-17 17:18:45,1000471
36.82167,128.63083,34.8825,128.62667,0,2024-04-29 00:02:37,1000435
36.20389,127.08472,37.65639,126.835,0,2024-05-12 19:57:02,1000820
34.8825,128.62667,37.65639,126.835,0,2024-05-19 22:30:31,1000299
37.65639,126.835,36.6009,126.665,0,2024-05-14 19:06:51,1000532
36.6009,126.665,34.8825,128.62667,1,2024-05-14 17:13:49,1000808
36.6009,126.665,36.82167,128.63083,1,2024-04-24 21:55:42,1000580
37.65639,126.835,36.82167,128.63083,1,2024-04-26 16:41:18,1000615
37.1759,128.9889,36.82167,128.63083,0,2024-05-03 14:54:54,1000715
37.1759,128.9889,34.8825,128.62667,1,2024-05-10 08:21:13,1000709
34.8825,128.62667,37.65639,126.835,1,2024-05-20 05:44:49,1000921
36.82167,128.63083,34.8825,128.62667,1,2024-04-26 05:28:02,1000429
37.65639,126.835,36.20389,127.08472,1,2024-05-24 03:56:18,1000760
34.8825,128.62667,37.65639,126.835,0,2024-05-14 16:46:07,1000388
34.8825,128.62667,36.82167,128.63083,0,2024-04-27 10:02:47,1000940
37.65639,126.835,36.6009,126.665,1,2024-04-26 09:49:18,1000438
36.6009,126.665,37.65639,126.835,0,2024-05-17 21:52:15,1000316
36.20389,127.08472,37.1759,128.9889,1,2024-05-12 19:37:21,1000715
37.1759,128.9889,36.20389,127.08472,1,2024-05-17 05:54:35,1000279
36.20389,127.08472,36.6009,126.665,0,2024-04-29 11:34:31,1000086
37.65639,126.835,37.1759,128.9889,1,2024-05-10 05:17:50,1000849
36.6009,126.665,36.20389,127.08472,1,2024-04-30 02:12:37,1000547
36.20389,127.08472,36.20389,127.08472,0,2024-05-24 04:56:12,1000595
37.1759,128.9889,37.65639,126.835,1,2024-04-27 03:49:18,1000668
34.8825,128.62667,37.1759,128.9889,0,2024-04-29 01:13:18,1000442
37.65639,126.835,37.65639,126.835,1,2024-05-08 05:48:04,1000532
36.82167,128.63083,37.65639,126.835,0,2024-05-15 09:13:33,1000636
36.82167,128.63083,37.65639,126.835,1,2024-05-03 17:31:26,1000586
36.20389,127.08472,36.82167,128.63083,1,2024-05-08 16:07:50,1000767
37.65639,126.835,34.8825,128.62667,1,2024-05-23 00:36:50,1000251
37.65639,126.835,37.65639,126.835,1,2024-05-14 22:08:51,1000536
34.8825,128.62667,34.8825,128.62667,0,2024-05-11 21:01:08,1000472
36.82167,128.63083,37.65639,126.835,0,2024-05-15 10:27:09,1000078
36.6009,126.665,34.8825,128.62667,1,2024-04-30 07:14:27,1000534
37.65639,126.835,34.8825,128.62667,0,2024-05-08 15:41:58,1000981
36.20389,127.08472,36.82167,128.63083,0,2024-04-24 19:44:52,1000995
34.8825,128.62667,36.82167,128.63083,1,2024-05-01 16:05:33,1000333
37.65639,126.835,36.82167,128.63083,1,2024-05-01 18:52:08,1000389
36.6009,126.665,37.1759,128.9889,0,2024-05-08 19:16:56,1000362
36.20389,127.08472,37.65639,126.835,0,2024-05-18 09:46:54,1000361
37.1759,128.9889,36.20389,127.08472,0,2024-05-14 00:24:48,1000652
37.1759,128.9889,34.8825,128.62667,0,2024-04-26 14:09:38,1000642
37.65639,126.835,37.65639,126.835,0,2024-05-22 14:42:55,1000449
36.6009,126.665,36.20389,127.08472,0,2024-05-15 16:27:21,1000469
36.6009,126.665,37.1759,128.9889,1,2024-05-09 06:30:56,1000004
36.6009,126.665,34.8825,128.62667,1,2024-04-28 14:24:42,1000299
37.65639,126.835,37.65639,126.835,0,2024-05-20 17:37:44,1000700
37.65639,126.835,36.82167,128.63083,1,2024-05-18 06:38:43,1000051
37.65639,126.835,36.82167,128.63083,0,2024-05-08 11:03:09,1000837
36.82167,128.63083,36.82167,128.63083,1,2024-05-17 13:25:49,1000430
36.6009,126.665,37.1759,128.9889,1,2024-05-23 07:27:30,1000923
34.8825,128.62667,37.1759,128.9889,1,2024-05-01 19:37:02,1000790
34.8825,128.62667,36.82167,128.63083,0,2024-05-12 08:46:42,1000765
36.20389,127.08472,36.20389,127.08472,0,2024-04-26 12:49:06,1000304
37.65639,126.835,36.20389,127.08472,0,2024-05-15 23:52:18,1000812
36.82167,128.63083,37.1759,128.9889,1,2024-05-20 12:52:51,1000800
37.65639,126.835,36.20389,127.08472,0,2024-05-19 10:23:01,1000764
37.1759,128.9889,36.6009,126.665,0,2024-05-22 22:12:46,1000913
36.82167,128.63083,36.6009,126.665,0,2024-05-15 14:46:37,1000376
36.6009,126.665,37.65639,126.835,1,2024-05-24 00:59:46,1000584
36.6009,126.665,36.6009,126.665,1,2024-05-11 05:27:10,1000827
37.1759,128.9889,36.82167,128.63083,1,2024-05-12 12:56:03,1000984
36.82167,128.63083,37.1759,128.9889,0,2024-05-16 13:35:29,1000995
37.1759,128.9889,37.1759,128.9889,0,2024-05-14 14:56:10,1000362
36.6009,126.665,34.8825,128.62667,0,2024-05-15 13:10:19,1000964
34.8825,128.62667,36.20389,127.08472,1,2024-05-02 13:19:31,1000179
37.1759,128.9889,36.20389,127.08472,1,2024-04-28 03:53:30,1000987
34.8825,128.62667,36.82167,128.63083,1,2024-05-14 07:09:46,1000528
37.1759,128.9889,34.8825,128.62667,0,2024-04-30 17:16:52,1000923
36.82167,128.63083,36.20389,127.08472,0,2024-04-30 00:49:21,1000379
36.82167,128.63083,36.6009,126.665,1,2024-04-28 05:04:51,1000311
36.20389,127.08472,36.6009,126.665,0,2024-05-07 07:56:43,1000000
37.65639,126.835,36.6009,126.665,1,2024-05-23 14:58:19,1000774
36.6009,126.665,37.1759,128.9889,1,2024-05-10 09:56:10,1000890
37.65639,126.835,36.6009,126.665,1,2024-05-04 22:20:09,1000504
36.82167,128.63083,34.8825,128.62667,1,2024-05-02 18:42:25,1000353
36.82167,128.63083,36.20389,127.08472,0,2024-04-27 14:22:12,1000692
37.65639,126.835,37.1759,128.9889,1,2024-05-02 11:19:02,1000000
36.20389,127.08472,36.82167,128.63083,0,2024-04-29 08:53:32,1000955
34.8825,128.62667,36.6009,126.665,1,2024-05-05 17:58:35,1000963
36.20389,127.08472,36.20389,127.08472,0,2024-04-28 04:58:38,1000384
36.20389,127.08472,36.20389,127.08472,0,2024-05-17 03:40:36,1000983
34.8825,128.62667,36.20389,127.08472,0,2024-04-27 03:13:56,1000677
37.65639,126.835,36.82167,128.63083,1,2024-05-20 21:02:04,1000812
37.65639,126.835,37.1759,128.9889,1,2024-05-02 14:00:07,1000004
36.6009,126.665,37.65639,126.835,0,2024-04-26 07:56:29,1000131
36.82167,128.63083,36.82167,128.63083,0,2024-05-23 21:41:22,1000328
37.65639,126.835,37.1759,128.9889,0,2024-05-07 16:11:28,1000089
34.8825,128.62667,36.20389,127.08472,1,2024-05-07 19:10:00,1000469
36.20389,127.08472,34.8825,128.62667,1,2024-05-10 17:36:14,1000495
36.20389,127.08472,37.65639,126.835,1,2024-05-20 06:33:37,1000202
37.1759,128.9889,37.1759,128.9889,0,2024-05-02 09:51:10,1000997
36.6009,126.665,37.1759,128.9889,0,2024-04-25 11:59:02,1000350
36.6009,126.665,34.8825,128.62667,0,2024-04-26 02:58:56,1000933
37.65639,126.835,34.8825,128.62667,0,2024-05-22 15:05:16,1000597
37.65639,126.835,36.20389,127.08472,1,2024-05-06 15:43:57,1000178
36.20389,127.08472,36.82167,128.63083,1,2024-04-25 22:34:33,1000330
37.65639,126.835,37.65639,126.835,0,2024-04-28 09:31:15,1000412
36.82167,128.63083,34.8825,128.62667,1,2024-05-17 03:33:45,1000159
36.20389,127.08472,36.82167,128.63083,1,2024-05-17 06:15:26,1000430
37.1759,128.9889,36.82167,128.63083,0,2024-05-02 04:32:44,1000454
36.6009,126.665,36.6009,126.665,1,2024-05-05 21:39:02,1000166
36.20389,127.08472,36.82167,128.63083,1,2024-05-23 01:02:39,1000822
37.65639,126.835,34.8825,128.62667,1,2024-05-08 16:19:50,1000624
36.82167,128.63083,37.65639,126.835,1,2024-05-18 13:45:03,1000830
34.8825,128.62667,36.20389,127.08472,0,2024-05-06 14:43:10,1000622
34.8825,128.62667,34.8825,128.62667,1,2024-04-29 01:51:13,1000275
36.82167,128.63083,36.6009,126.665,0,2024-04-25 01:15:25,1000181
37.65639,126.835,36.82167,128.63083,0,2024-05-23 17:28:46,1000420
36.6009,126.665,36.20389,127.08472,0,2024-05-13 18:31:08,1000150
37.1759,128.9889,36.20389,127.08472,1,2024-05-03 01:56:54,1000641
36.82167,128.63083,37.1759,128.9889,1,2024-05-02 13:40:12,1000485
37.1759,128.9889,37.1759,128.9889,0,2024-05-15 07:55:53,1000583
36.6009,126.665,34.8825,128.62667,1,2024-04-24 23:36:43,1000892
37.65639,126.835,37.65639,126.835,0,2024-05-07 22:33:32,1000854
36.6009,126.665,36.6009,126.665,1,2024-05-08 10:37:45,1000649
36.20389,127.08472,36.20389,127.08472,0,2024-05-19 10:30:05,1000295
37.65639,126.835,34.8825,128.62667,1,2024-05-19 07:53:43,1000614
36.82167,128.63083,37.1759,128.9889,1,2024-05-08 13:31:09,1000171
36.82167,128.63083,36.82167,128.63083,0,2024-05-18 11:20:53,1000728
36.20389,127.08472,36.82167,128.63083,0,2024-05-13 18:55:15,1000694
36.6009,126.665,37.1759,128.9889,1,2024-05-16 00:55:50,1000534
37.1759,128.9889,36.82167,128.63083,0,2024-05-12 06:57:56,1000857
36.82167,128.63083,36.20389,127.08472,0,2024-05-04 20:47:07,1000563
36.20389,127.08472,36.20389,127.08472,0,2024-04-27 11:13:56,1000450
37.65639,126.835,36.82167,128.63083,0,2024-05-21 00:45:35,1000895
36.82167,128.63083,36.20389,127.08472,0,2024-05-17 17:27:38,1000500
34.8825,128.62667,37.65639,126.835,0,2024-05-17 07:24:16,1000834
36.6009,126.665,37.65639,126.835,0,2024-05-22 12:45:44,1000084
36.20389,127.08472,34.8825,128.62667,1,2024-05-08 23:01:53,1000479
34.8825,128.62667,34.8825,128.62667,1,2024-05-08 15:00:31,1000523
36.20389,127.08472,36.6009,126.665,0,2024-05-20 16:40:10,1000185
36.6009,126.665,36.82167,128.63083,0,2024-04-28 13:57:34,1000130
36.6009,126.665,36.6009,126.665,1,2024-05-23 21:44:47,1000817
36.20389,127.08472,37.1759,128.9889,0,2024-05-12 09:37:57,1000267
36.20389,127.08472,37.65639,126.835,1,2024-05-22 09:13:42,1000022
37.65639,126.835,37.1759,128.9889,0,2024-05-12 07:33:32,1000607
36.6009,126.665,36.6009,126.665,1,2024-05-06 13:24:20,1000740
36.6009,126.665,37.1759,128.9889,1,2024-05-06 11:14:50,1000584
34.8825,128.62667,36.20389,127.08472,0,2024-05-16 09:48:33,1000083
36.20389,127.08472,36.82167,128.63083,0,2024-05-10 09:23:33,1000850
37.65639,126.835,34.8825,128.62667,1,2024-05-15 09:55:45,1000031
37.65639,126.835,37.1759,128.9889,0,2024-05-17 06:05:36,1000706
36.82167,128.63083,36.82167,128.63083,0,2024-05-23 09:25:32,1000877
36.20389,127.08472,36.82167,128.63083,0,2024-05-21 17:20:04,1000687
37.1759,128.9889,34.8825,128.62667,1,2024-05-17 17:57:38,1000002
36.6009,126.665,37.1759,128.9889,0,2024-05-16 19:50:34,1000434
37.65639,126.835,34.8825,128.62667,0,2024-05-01 01:11:33,1000194
36.20389,127.08472,36.20389,127.08472,0,2024-05-19 15:00:18,1000164
36.82167,128.63083,36.20389,127.08472,1,2024-05-18 22:45:40,1000272
36.20389,127.08472,37.65639,126.835,0,2024-05-14 07:03:32,1000153
37.65639,126.835,36.6009,126.665,1,2024-05-09 15:27:54,1000796
37.65639,126.835,36.20389,127.08472,0,2024-05-02 13:29:08,1000006
34.8825,128.62667,36.20389,127.08472,1,2024-04-28 00:47:22,1000988
34.8825,128.62667,36.6009,126.665,0,2024-05-18 09:44:24,1000789
36.6009,126.665,36.82167,128.63083,0,2024-05-19 18:09:26,1000797
37.1759,128.9889,34.8825,128.62667,0,2024-05-23 04:07:48,1000556
36.82167,128.63083,34.8825,128.62667,1,2024-05-11 16:19:35,1000683
36.20389,127.08472,37.1759,128.9889,0,2024-05-16 19:07:48,1000008
37.65639,126.835,36.20389,127.08472,1,2024-05-06 11:05:45,1000159
34.8825,128.62667,37.1759,128.9889,0,2024-05-14 11:29:22,1000573
37.65639,126.835,36.6009,126.665,1,2024-05-14 09:40:15,1000341
34.8825,128.62667,37.1759,128.9889,0,2024-05-23 00:52:52,1000079
36.82167,128.63083,37.65639,126.835,1,2024-05-08 23:44:35,1000497
37.65639,126.835,37.65639,126.835,1,2024-05-10 16:04:29,1000063
36.20389,127.08472,36.82167,128.63083,0,2024-05-16 04:27:34,1000235
37.1759,128.9889,37.65639,126.835,0,2024-05-17 18:44:29,1000581
36.82167,128.63083,36.6009,126.665,1,2024-04-25 20:09:43,1000031
36.20389,127.08472,36.6009,126.665,1,2024-05-02 19:12:45,1000789
36.82167,128.63083,34.8825,128.62667,0,2024-04-27 22:16:44,1000644
34.8825,128.62667,37.1759,128.9889,0,2024-05-14 01:14:27,1000935
37.65639,126.835,37.65639,126.835,1,2024-04-28 07:45:17,1000549
36.6009,126.665,37.1759,128.9889,1,2024-05-21 00:44:48,1000884
36.20389,127.08472,36.6009,126.665,1,2024-05-12 07:36:42,1000293
36.82167,128.63083,36.82167,128.63083,0,2024-05-09 20:03:03,1000280
34.8825,128.62667,36.82167,128.63083,0,2024-04-28 14:08:18,1000173
36.82167,128.63083,37.65639,126.835,0,2024-05-07 13:23:47,1000468
34.8825,128.62667,36.82167,128.63083,0,2024-04-27 03:26:57,1000946
37.65639,126.835,37.65639,126.835,0,2024-04-29 16:37:35,1000260
36.82167,128.63083,36.20389,127.08472,0,2024-05-15 11:03:06,1000477
37.1759,128.9889,34.8825,128.62667,1,2024-05-13 06:07:48,1000674
36.20389,127.08472,37.1759,128.9889,1,2024-05-15 22:56:53,1000051
36.82167,128.63083,37.65639,126.835,1,2024-05-06 10:53:56,1000207
34.8825,128.62667,36.82167,128.63083,0,2024-04-24 10:01:16,1000152
34.8825,128.62667,36.6009,126.665,1,2024-05-13 04:16:33,1000574
34.8825,128.62667,36.82167,128.63083,0,2024-04-25 19:50:21,1000350
36.20389,127.08472,34.8825,128.62667,0,2024-05-22 13:29:19,1000797
34.8825,128.62667,36.6009,126.665,1,2024-05-08 08:54:37,1000775
37.1759,128.9889,34.8825,128.62667,1,2024-05-12 16:47:22,1000742
36.6009,126.665,37.1759,128.9889,0,2024-05-08 21:03:53,1000187
36.20389,127.08472,37.65639,126.835,0,2024-04-29 23:05:18,1000315
36.82167,128.63083,37.65639,126.835,1,2024-05-01 14:43:19,1000555
36.20389,127.08472,34.8825,128.62667,1,2024-04-27 12:48:32,1000747
36.82167,128.63083,36.20389,127.08472,1,2024-05-04 10:32:04,1000372
36.20389,127.08472,36.20389,127.08472,1,2024-05-23 21:22:57,1000167
36.6009,126.665,36.82167,128.63083,0,2024-05-19 12:14:19,1000834
36.82167,128.63083,36.82167,128.63083,1,2024-05-03 09:59:08,1000443
37.1759,128.9889,34.8825,128.62667,0,2024-05-14 14:33:07,1000705
37.1759,128.9889,36.20389,127.08472,1,2024-05-23 02:26:06,1000819
36.82167,128.63083,37.1759,128.9889,1,2024-05-19 06:37:43,1000991
36.20389,127.08472,36.6009,126.665,1,2024-05-13 21:56:22,1000168
