name,phone_number,birth
김민지,01050232138,480602
서상호,01044693855,010607
안옥자,01045794479,920311
윤정수,01022020796,800606
안미정,01065959178,930824
이영일,01065148756,510501
김승민,01052796740,871125
황명자,01059363871,930919
권정훈,01018071938,010815
손미숙,01089131457,920802
김예진,01092503416,970408
고종수,01042830798,931004
지수빈,01084533120,991214
한준혁,01071865846,770317
최성진,01055532159,831111
최경자,01057680870,110629
고하은,01010317273,861001
김서현,01049169921,640114
송옥순,01017986130,531107
이준서,01096344739,720825
서병철,01064214883,770831
오우진,01014476211,680828
조지현,01060939960,680324
김명숙,01093923582,990517
남우진,01077351340,570115
이경수,01066130301,930606
하순자,01096380622,961020
박순옥,01032229078,641112
주유진,01074875951,100225
이경수,01071107626,431103
송진호,01056236945,860428
이지혜,01022099736,630719
곽주원,01055652021,650916
유보람,01086203011,600505
장은주,01067403454,520425
박정자,01089109431,900426
김지아,01091777157,880426
이승현,01051137073,491007
서민수,01083599934,520101
임성호,01023435816,891021
김유진,01039745443,590507
장민수,01052775573,991008
안지우,01039598121,130418
송정식,01026773402,840812
이영환,01097233433,641107
류은경,01061394857,100411
송영숙,01072886864,720816
장정순,01022978467,880205
장현우,01075646284,021027
차종수,01042723587,860125
이은서,01034628108,590704
주경수,01046903344,580515
서진호,01022734125,730622
한상훈,01067732806,031003
김중수,01004601717,930323
김예준,01026025946,840328
이혜진,01033412596,480106
허지후,01040773995,640519
배정자,01086536608,110523
장지후,01058520498,720123
김지원,01099613493,790808
서예준,01081260513,000208
오예원,01099158362,771104
이민준,01048667893,730402
김상철,01053443689,080819
신영식,01007391385,500402
김순자,01017250388,931206
구서영,01057975345,810528
이경숙,01037072143,660702
나준혁,01097418679,770712
정광수,01097070404,770215
안민준,01007399403,100615
문수빈,01045735496,031124
한승민,01000885809,730425
황명자,01059189789,791015
김우진,01022771881,690311
윤경숙,01039456345,721003
이성민,01034190099,721211
이중수,01018355212,960206
김상훈,01089980671,120610
김채원,01086868663,110420
양정훈,01064753185,500915
남현지,01082451312,521004
김성민,01091366176,110125
박하은,01009296739,650516
서명숙,01027106645,820613
이정남,01029882542,661120
김성호,01048463007,070506
송은주,01020729421,620830
강준서,01072797915,580220
이우진,01036444583,110115
김춘자,01013686625,440117
황성현,01044155711,590416
류우진,01020485883,511201
김영일,01001779658,790316
최경수,01046035263,010525
박경수,01051281203,600331
고춘자,01036604657,130720
김영숙,01047616341,071101
한명자,01078406453,110717
양경숙,01066223195,470911
김우진,01044725704,081119
김숙자,01051101208,060914
김예은,01053734786,890331
김현정,01027074511,910831
신경자,01029272152,100209
홍지원,01005605233,090227
최옥순,01081661689,110102
손예진,01025990957,870930
양하은,01090699155,030226
안은정,01062397177,040211
김승현,01072135269,510522
홍건우,01030347238,880907
김영자,01069664895,900308
김선영,01058965107,451230
서지민,01000878011,610305
최준서,01054510335,070130
김시우,01054634475,710123
한성진,01098047589,880223
고성진,01018116901,831230
김서연,01091184218,500925
배춘자,01084142664,921124
이민준,01054718284,851213
김서현,01039630581,880812
손영호,01032023379,510125
홍명자,01087830499,961005
박현주,01031837740,990904
김미정,01064967518,070119
홍지민,01095037281,480720
서서연,01013803286,940123
김미영,01015132131,701006
박주원,01077435774,670425
이민재,01078320657,720715
최지연,01039003806,780418
류상현,01070012834,840115
최미정,01034410803,080521
강상철,01000665385,000801
이수민,01084429940,700313
권광수,01083974086,850529
이상훈,01082405645,600928
이미영,01045713690,121024
최미숙,01005248227,081230
남지연,01099866334,810319
손도윤,01055983393,570505
최현준,01031500974,900507
최광수,01004727142,790125
류미숙,01022420680,711026
김중수,01011625458,690603
이영숙,01021707937,520730
서영수,01055442177,910622
최지영,01008284254,550223
송정호,01002268236,951003
이은주,01086969219,491225
최예원,01089875110,520501
김영미,01033013165,720210
이영희,01036756928,700320
박은경,01013354749,450919
문영호,01011689947,520605
우민수,01071566139,440811
남지영,01081653979,620630
최민지,01045458436,540113
윤광수,01074634396,961108
김상훈,01068867746,721226
조상호,01073709583,531108
문수민,01088197856,530410
박민서,01022952127,110903
송숙자,01046593931,050321
이민수,01083051227,610402
김민수,01039263187,850905
송도윤,01007685414,830419
최준영,01087703195,540422
한성민,01040862014,090822
강경자,01084297693,531030
박수진,01026549432,820730
김건우,01085624376,560805
김지현,01085833947,560328
이병철,01003215715,470124
김하윤,01022671193,711010
송명숙,01057136789,850915
박건우,01037299668,850213
김선영,01072604555,980412
최정수,01087781741,450218
이상철,01085548740,470213
이성호,01058125059,010915
김건우,01053927053,690212
김정호,01047816865,120607
이민수,01012148755,820507
오성훈,01010646804,440407
이영길,01073449823,120815
박지훈,01004681821,780214
하상훈,01002893233,951208
황진우,01022605144,060702
김성수,01066889780,511221
오준서,01097404828,120103
이지현,01000003326,500828
이진호,01007682513,891029
배도현,01039685621,670427
윤순옥,01001582673,620412
김윤서,01065618820,771129
안영수,01073594531,950427
류승민,01022533825,100204
이성현,01007930978,760123
김서준,01008810324,771004
이지민,01072044453,490718
오현주,01091495225,801017
이정웅,01063050476,730414
권아름,01091994664,571109
박경자,01039878086,510324
박아름,01054108256,900124
강서준,01067876091,751124
나성현,01018480816,580305
이민석,01021422188,940521
박예은,01036642287,590806
곽종수,01099960965,700728
황현정,01094817965,710915
박재호,01051302045,940629
김지영,01069440450,670313
한동현,01060600769,680924
고승현,01002883205,900501
이주원,01053887992,581008
이현숙,01019049457,520915
김하윤,01092202347,070819
황시우,01039672386,721016
김종수,01008185137,880112
김정호,01000052082,970628
김아름,01026642702,580922
나준서,01057170376,071026
서광수,01078097901,450701
윤상호,01006795306,661008
안은지,01061334410,060416
박성훈,01076469475,660214
허현지,01075604226,011111
김지후,01022402977,450820
이지훈,01027442710,900805
이준서,01052624776,080626
이정웅,01070162569,470808
김도윤,01045257258,640710
배보람,01035293953,050625
김동현,01011162305,880930
유지후,01092059628,460710
윤영일,01049634335,911101
김예준,01089722485,970515
한은지,01022150625,740613
양영환,01083373775,750301
서명자,01020668567,530812
이동현,01050233270,840317
이영숙,01010043171,940222
하성훈,01094046771,961031
김지훈,01049945694,010709
박지후,01026660432,650208
류서윤,01079821352,030316
김시우,01096513857,710910
황서윤,01063899834,020712
송미영,01036594658,680114
김영식,01040440468,890129
김건우,01066979667,080117
이지영,01073877514,530425
정준혁,01079760931,020421
최진우,01075001723,920903
이영순,01009031107,451004
서정희,01092465140,890803
박윤서,01013083898,140423
김영길,01039569802,830531
손진호,01082689743,901110
서지영,01043156164,070719
송정훈,01023663548,840709
문준영,01017592380,010112
노지원,01017577129,750414
구정수,01096634192,061119
한영식,01063976845,800106
나명자,01038831986,910327
안선영,01071193004,050316
이현정,01086098297,101230
이미정,01047135251,661023
김상훈,01064723151,000824
김은정,01018727350,000322
김정수,01053290114,800227
김은영,01012107925,900508
이지연,01001000152,620510
조아름,01056633246,510821
양서준,01077679110,091207
나미영,01066696104,081006
김정자,01025751896,100904
김민준,01018683467,640201
박상철,01095023185,521214
전재호,01003036161,510813
최영수,01065907723,580505
하현우,01068165559,041213
차영식,01077557115,670215
구주원,01033164082,720628
이지원,01033766108,621004
이영숙,01077266469,570422
강성수,01051636881,461128
서진호,01081101154,060501
이지현,01086081804,100428
강예진,01085003075,990920
박종수,01096192406,120725
김재호,01095121995,740927
오종수,01020889444,660223
이영희,01003898246,690123
이미정,01043771485,901212
강순옥,01063345990,860811
박서현,01083038261,950116
김민지,01022835444,011127
손영호,01030705893,520123
김서윤,01037310919,071227
허현숙,01008343453,490421
임지영,01079854851,040321
류광수,01014030607,520118
홍종수,01025243588,520316
김영식,01030408039,841030
김현준,01084781178,961031
박경희,01067774966,850521
김성수,01073903324,461229
김민지,01052089525,480812
이보람,01046571834,780310
류영숙,01075261884,980726
김하윤,01012825949,451220
김예원,01068011420,650609
박영숙,01039709424,550315
이재현,01097976591,541123
백준호,01073719195,930512
이경자,01042804943,131022
장춘자,01094748794,670121
최미숙,01059729144,920502
박준호,01096203388,720723
이정식,01083536680,760226
김성진,01059922736,881010
황정숙,01055041244,040412
양현숙,01005463796,071203
서지민,01007621378,930429
최정웅,01092919414,701103
김정남,01027624136,820315
권서윤,01063349490,070826
박숙자,01021821289,621218
김은주,01091659815,900722
양순자,01056086982,970601
김현주,01007959900,611102
류지우,01004197586,010627
박정웅,01087019306,461115
안영미,01046811010,090801
류아름,01087290412,730225
박진우,01089293207,490723
최건우,01042719411,931210
홍광수,01090340183,081022
송민재,01089927764,971109
이현준,01087765703,530310
남영수,01013886384,050817
김수진,01058805075,821208
구우진,01058628616,940106
한재호,01023090594,111228
이명숙,01036658873,870525
이은경,01028828177,490321
윤준혁,01043804509,100807
김은서,01088331737,761204
유영수,01063362010,580825
박종수,01000397413,760702
박민석,01087486199,530620
조건우,01064528249,000220
윤도현,01008625974,770913
이현우,01036042918,571104
이서연,01076849752,801210
박서영,01051718502,870430
김지아,01002703374,880227
고영환,01087809445,060303
이우진,01077325365,030317
박건우,01047435964,130419
배지혜,01000768800,880717
주예지,01082055678,010708
박재현,01094974150,500426
황성호,01010987443,881231
민주원,01044299347,780507
박영순,01078951897,010919
한영수,01006111583,511001
한은경,01092421480,110306
김영철,01090849586,990131
김예준,01037075263,950903
김보람,01064157751,080106
김영환,01009282948,660103
박재현,01011386536,451213
이보람,01027657417,040814
구현준,01052922100,720118
강도윤,01003085057,900711
김윤서,01099369621,920220
박명숙,01006189356,130325
김보람,01031588401,881215
한상훈,01010709670,610309
지우진,01031754948,691228
박민수,01047556886,441205
김영희,01083357327,470316
박수민,01044431440,130908
안중수,01088845450,960801
권현지,01063942589,540920
박영진,01098890298,551028
김정숙,01093341055,551125
김지현,01016822214,140113
이경숙,01090505261,510204
이순옥,01066093657,830610
고선영,01031509457,870223
나경수,01023821787,850513
황건우,01056159161,730223
송재호,01047390552,970731
박옥순,01028787861,560930
엄승민,01071834735,941206
김예준,01036502024,591128
권예지,01037604680,620711
김춘자,01052486731,430921
최경희,01010853277,491025
최우진,01050757134,731028
강미경,01019042566,070803
김현숙,01080292647,601129
김예원,01085443561,860228
이은서,01065616121,781121
이병철,01052971588,720123
백경수,01001299319,701213
이은주,01002403450,700415
김정남,01048813388,630117
이지현,01001968624,880623
김민준,01089072975,680928
진건우,01095037773,660617
박준혁,01053358885,091126
박현주,01028870799,750121
남지민,01016406651,570630
김영순,01021254631,640621
최은영,01075617331,550604
이수빈,01050619888,500806
오지후,01034948486,120114
권영길,01036948093,030819
최진우,01021880291,511109
김영자,01077748101,800703
김선영,01094168441,750423
김지현,01006693998,120718
최재현,01043718656,700925
이정남,01062280459,060401
한재현,01023375349,631117
윤정남,01085422417,851209
조영수,01074853881,090429
이상현,01054625086,760630
김지원,01043420916,550820
박종수,01036932254,551126
이성수,01032932738,900902
이경숙,01046287223,951210
김성훈,01077586335,490407
김정훈,01075773208,970527
이윤서,01016945027,471124
김경수,01096873576,650125
안정훈,01047039758,531227
김민석,01046121967,910201
이서영,01052578626,771114
권은경,01044408419,600523
한순자,01064846830,110404
최지현,01071487747,620424
박성호,01039913741,061001
정숙자,01047205769,610627
김준호,01099579141,020226
배명숙,01006887730,890522
허은서,01042337720,620827
이숙자,01020669126,030106
김영환,01060282700,140205
문선영,01056381785,660905
유영수,01079609579,501210
김민재,01077640767,641007
김민석,01070898859,660419
박수민,01015561532,820208
권건우,01012577248,480604
강윤서,01020832656,661115
류영자,01031943959,641026
민성현,01043122983,620711
고정호,01022907906,010503
이서연,01006051103,090802
김서준,01064712104,930720
박예준,01095549108,600219
권경희,01033503005,080208
이명숙,01063611802,740919
신준호,01048614108,090903
박성현,01092249321,090327
김현준,01024141741,600812
윤민서,01057277641,030308
김현우,01089001863,120221
박상훈,01027539841,541128
이지현,01081167961,070812
이지은,01024811647,880216
박승민,01031357870,641024
김지우,01069562330,760218
나유진,01027411114,860425
김서영,01087913781,760403
홍혜진,01018100260,020410
최서연,01054419844,560831
조준호,01010861157,890409
김명자,01015502764,050611
임경숙,01066712573,951214
고동현,01002210857,650424
황서영,01039113465,080119
최지원,01041353863,050809
유영진,01004762224,730818
김준영,01053557737,801201
송영길,01087107526,671211
최정수,01084662431,060613
주혜진,01058846304,880729
윤현숙,01039802253,530827
이영진,01063915206,590602
김정훈,01078472437,450421
김영길,01036706309,930808
이춘자,01085951620,741019
윤경희,01085454586,970129
황서윤,01044619868,040519
김지은,01081981062,471025
강정식,01076669617,790316
이보람,01008714261,980627
양지민,01095530610,521109
문영철,01056359599,831024
이옥자,01097771815,470217
오우진,01073466939,660507
김재호,01030198333,470302
이도현,01082884654,550901
오명숙,01096842667,021107
장경숙,01024828165,541109
강성현,01035058631,061030
유옥자,01049699552,491203
장경희,01078576865,990805
김동현,01035808457,761009
박상현,01059021252,130804
이지아,01084255382,490411
허서윤,01076206156,960606
이성민,01024674163,130801
강경자,01002971849,860416
남미정,01005687591,851123
김명숙,01038178608,721022
김현준,01047262296,891228
김준서,01037341583,000325
오서영,01016930738,770406
김유진,01019986918,870223
김지혜,01058315730,430608
윤진우,01066447114,660621
박숙자,01048017345,460119
김정수,01028274950,741127
남수민,01010833387,140402
안상철,01029290422,770823
이재현,01025100561,480212
윤준호,01040028786,681024
김승민,01077734461,981216
심지연,01098382932,120601
이영환,01027153384,470526
홍은주,01092858030,120913
이경숙,01095850647,790321
한지아,01008962049,610309
조성수,01030739125,870804
김진호,01008814421,010623
고수민,01051730749,070110
박영식,01033273414,880305
최정웅,01074635287,900214
김명자,01068350553,040113
홍현우,01000859815,060929
서지우,01090405368,081022
백민서,01055107761,670707
허성진,01013658730,050723
이현준,01021543620,070331
박승민,01049236550,680709
김지은,01044558998,080224
이서윤,01037498414,731228
윤지연,01068196587,510630
이정호,01024836404,000204
황동현,01086228822,770706
김민재,01050481074,960129
양영환,01057117149,841117
김성훈,01084681336,640430
김예원,01023674627,880311
강정훈,01067317918,630706
문현주,01053503158,030913
서지원,01015103510,781122
서수빈,01015203152,450911
김재현,01074585003,030603
윤영수,01081188153,800908
김재호,01097886650,521106
김미영,01098504686,911128
한정희,01026895005,461225
이서윤,01023274029,600704
홍현숙,01024387830,100110
최영식,01007922257,640924
박도윤,01003021128,450207
김영자,01051501033,511113
심현우,01061477950,950325
김현준,01090902027,780121
손지우,01041183013,960302
김상철,01033872901,480518
이영자,01021474989,920218
이준영,01019740076,960815
이영미,01048603651,690625
박미경,01027280779,810414
이현우,01040659785,100331
김영숙,01044768020,570129
오상훈,01070508533,790714
이동현,01023606911,750226
박보람,01089115907,980622
박상훈,01044704278,930925
김성수,01054043572,431001
김하은,01062210536,561023
김지우,01024301830,700923
강정수,01026333168,900513
김지민,01012847683,591219
김승현,01085511960,790313
최상호,01009176098,000827
안영식,01022128460,051222
배정남,01091775228,570928
안은영,01009416048,890220
박지훈,01035015305,570201
정준영,01084571580,790510
최민수,01037549579,741129
이정순,01000867320,711231
오은서,01084354041,431127
이성진,01068504553,621027
박정수,01032268549,640604
최영희,01006607050,801007
김옥순,01075327868,101121
양정희,01026404390,651203
김영미,01060043285,040816
배동현,01046840727,070217
홍재현,01002522550,490530
이지민,01041832134,950212
황지훈,01071372396,090716
안미경,01040074708,921228
박준혁,01052326579,030908
김지아,01037160920,770324
김경수,01075108710,661231
문경자,01067667123,771010
구명자,01091652930,550919
이광수,01082206913,570501
박도현,01023651183,580203
배성훈,01045979354,051208
최진우,01034576506,570318
이민지,01032097434,841225
김현준,01085275991,880826
임하은,01059779378,710304
박영길,01085005561,580205
박은주,01034469312,991214
나서영,01006547597,040425
김우진,01054855005,490501
이영희,01013260480,930321
김상호,01074800796,010430
김미영,01042994627,130903
이혜진,01066011215,880409
한예원,01034822000,730702
류재호,01063156112,990921
박성진,01061502006,560623
이성진,01095992081,680912
김영숙,01017251134,661021
이윤서,01026718806,750722
이지혜,01033620494,690609
최아름,01068144643,910420
류민수,01025643494,770107
김은정,01010212492,120624
서영자,01063206806,860512
오성민,01043145663,870208
한정희,01014224857,520507
이민준,01050590839,001015
노영식,01085607820,630201
곽민지,01010897724,800515
오준혁,01087913030,500604
서진호,01057525113,760603
최미영,01084038612,620507
이상철,01071197490,140119
송재현,01096087340,591113
김은정,01038860892,041016
김준서,01095083323,460509
전은서,01034143891,921008
박재호,01048787385,520914
박도윤,01022161503,981008
고지원,01041070963,860918
김영길,01001207638,041007
김민지,01030861234,460514
김명자,01085421427,720816
장경희,01002266186,710907
조우진,01039357380,480602
박은영,01091954063,441016
이유진,01023196873,020429
하정식,01028009754,500303
이상현,01062394154,950404
홍재호,01006958776,770604
최승민,01048154533,880930
송옥순,01079599695,130101
윤진우,01070265678,030919
전영미,01042218454,040313
안보람,01063097530,950216
오서윤,01097487464,671022
이성민,01060638765,640120
김재현,01026293764,870705
안영미,01072781606,631203
강지아,01063882841,620624
김정웅,01055092119,980306
신아름,01088120734,880110
박정훈,01053591908,731218
하정호,01036376185,021020
유서윤,01037110972,470831
박춘자,01034877286,881210
안성호,01090865526,051120
강승현,01093575673,110904
김경숙,01021253704,501023
한준서,01088470372,480222
황병철,01018779449,020119
장종수,01066278434,560321
류중수,01043954668,891225
배숙자,01026891726,980813
윤도현,01040153938,510511
박유진,01029013878,691205
김현우,01034041487,680809
오도윤,01023997310,140130
이영호,01092536418,071201
송순자,01044060819,980902
이영식,01007871650,891218
박진호,01047981125,601016
이도윤,01089791721,540417
김미정,01053692519,051005
김서현,01048822182,620630
김수민,01095547908,640304
문동현,01061596366,620316
이민준,01022152191,950422
이진우,01070930982,811002
김예진,01063747899,590516
권정자,01091315118,940906
김영길,01086579568,081201
강정순,01033127642,071221
이도윤,01079225587,090828
송예진,01055324944,050907
이옥순,01028818352,540324
김선영,01079777803,960206
박성진,01029611239,960609
조성현,01082597957,810121
안은서,01021030314,550409
서중수,01057955880,021110
김정호,01084312386,830227
권예지,01026612745,690409
이현준,01028027279,570522
김재호,01009175140,760204
서수진,01053730803,520627
홍영길,01069574771,451018
오상현,01059745130,000421
박서영,01084411700,130529
송지민,01033028621,811230
강도현,01003754374,460515
윤성호,01059723044,871002
이지훈,01026334191,730902
김민지,01075073072,590412
김정수,01008691200,910521
최선영,01024827520,980904
우미숙,01094607271,981126
신승민,01063162705,570828
허승현,01076422503,661031
윤정훈,01082057628,980218
신서현,01004513066,930125
남현숙,01031004234,481023
이은주,01066677966,520420
하영순,01003454128,120216
박지민,01048997838,520409
박시우,01040079075,600609
김현우,01032061731,630127
김동현,01009523556,711115
홍윤서,01040625994,800625
류영진,01003849642,860319
김성현,01079343201,950226
최현주,01052183288,770319
박영수,01083714472,671021
류현정,01020055934,000905
박지원,01005695318,650310
박광수,01032765572,471127
이상철,01007236898,500421
이승민,01024517098,960415
장서준,01080477584,071110
김채원,01083065961,521206
이서영,01063324788,460901
이정순,01045181359,900307
이정희,01056396900,681205
권은영,01038147454,710925
박영일,01010213985,910719
전지훈,01035863847,000803
김승현,01097915471,870527
안명자,01051267243,911231
김선영,01083340072,780112
이영미,01006993153,711211
장건우,01000919910,740713
박지현,01066430186,590805
송영식,01032600783,961003
박미경,01003525301,940511
김영순,01032911322,970425
류성훈,01062259142,890418
한영식,01055940400,830521
손영순,01008029665,130619
허서연,01027894523,470102
김경자,01045526723,540623
황상현,01001362596,860205
김도현,01032750563,630305
김지아,01062690269,130914
심수진,01060511329,930601
양은정,01085179662,840225
장준혁,01029728413,050306
윤영진,01027122336,950401
홍은지,01061044113,770615
김지연,01016260565,910418
이경숙,01033187348,010203
최승민,01061120454,930703
김경희,01059804404,110410
이중수,01036468800,690207
오상철,01052148863,950623
박정남,01013858034,011031
양지후,01016251578,110519
양서윤,01025527195,660725
강예지,01088358304,960302
김승민,01074095764,881125
이성현,01093881221,091129
이혜진,01048910734,040806
윤서윤,01047763019,581104
오광수,01045911188,730717
박정자,01084304438,130919
이민석,01029726110,651025
하예은,01040635060,570201
김하은,01069732252,000908
안명자,01076271128,710602
류예준,01060021659,570129
송중수,01047072504,740403
이민준,01084422014,690615
최상현,01077188848,920610
고승민,01008755891,701206
문윤서,01094111115,720726
김준서,01083337204,550112
강영자,01062898281,770108
오현주,01019921741,991203
김정훈,01085790433,580303
이서준,01017710292,700826
이승민,01081020139,790831
김지영,01036256276,851002
박지혜,01037932286,100327
이지혜,01054559992,771006
김은주,01009173643,961204
박성민,01086003841,620807
김현숙,01090957522,490810
이지원,01098950450,500226
윤상철,01045616296,730610
김명숙,01007475248,710629
서선영,01078211965,880901
윤정남,01014867399,010212
이정식,01047145504,040126
백정숙,01030605222,020410
김은서,01079985249,801214
이정희,01076558520,720424
백영미,01098643408,440917
이예진,01003145424,060302
양성현,01032910676,810124
이미숙,01043661654,060214
이성현,01001563175,790618
이서준,01024411863,941127
권준영,01095967500,110901
김승민,01022849181,120408
이명자,01030594402,440229
남명자,01003339925,870714
박정훈,01020287484,040215
권지연,01081521445,620321
백준영,01018821883,460514
김승현,01018603411,561202
황정남,01017432116,811226
김상철,01097898252,810328
강현우,01086192797,790111
오우진,01006912323,570114
김하은,01079196250,690913
김채원,01000319152,460520
이미숙,01054006136,810122
안지훈,01014669485,491104
이서현,01008181790,910727
이준영,01022127429,050801
서동현,01090702431,051227
김현숙,01077146094,770725
이정훈,01000665553,600922
안민수,01088390500,000104
김성진,01075406638,600527
이도현,01096883102,660515
안재호,01088789761,571130
문정웅,01001715474,690129
김은지,01073269483,471216
김지민,01030063420,840927
이영환,01040560223,861113
임지현,01020389637,080601
고지원,01063124494,440306
이지영,01081490496,090904
손상현,01068829442,660709
박지혜,01028823412,500423
박옥자,01038741450,650703
김상호,01044089604,700322
강명숙,01029769640,930406
이광수,01062391500,850413
김중수,01052226220,020628
박서연,01099469680,740825
김수민,01070620429,801202
손진우,01070057697,560511
김우진,01023453408,931002
박지은,01047135193,811206
서정숙,01002977590,841125
김서현,01044652876,080614
신영희,01089600380,900703
차서윤,01094652436,681003
이경수,01008746420,590409
송정순,01080054875,720507
이재호,01045300133,541211
이옥순,01006655023,020908
이영철,01083891380,130503
김종수,01023451176,970321
이준서,01043895508,070808
권현숙,01009616447,490404
김중수,01086733011,840105
양서연,01043469596,640116
박성수,01047870599,730805
허민재,01094519828,610903
이영수,01008873718,770524
이은경,01092873786,011028
신상호,01032416666,511122
안현주,01018454070,660925
진현지,01064320079,100123
이은정,01071415575,741029
김광수,01028857469,080406
김영수,01080054022,760209
이서영,01048308645,770222
김성훈,01043060562,651213
김미숙,01085304929,921014
김은주,01072633922,851103
주영숙,01080881523,600809
박준서,01082111433,951218
김채원,01004924468,560129
김지영,01007518909,670123
김민지,01025050474,440108
김상현,01097284873,431120
이광수,01013731689,641026
김윤서,01084150527,460516
강민석,01031224474,130317
김성호,01099659353,641005
박숙자,01097915920,831126
이하은,01087654247,440618
김재현,01040267161,110311
이도윤,01065154399,470924
김성훈,01072930357,630902
최상훈,01007441888,060224
장영환,01074292797,880712
오영철,01037546150,881007
홍동현,01070801287,861231
최정순,01071971167,960928
이준혁,01029580207,080421
이지연,01027616243,580727
오상현,01082271473,990616
이상훈,01039912313,830318
황우진,01045984807,670728
김성수,01028200043,550616
고은영,01041183885,990420
이성훈,01072701702,610331
김지은,01041873186,951203
김은경,01029755581,910708
황영희,01070005772,890104
윤정식,01088921091,111022
장현주,01075990418,720731
손수빈,01071356963,041001
강은정,01070328053,700830
박성훈,01073460207,870608
이영환,01013894420,870702
안영식,01033508382,490105
김선영,01091998588,451102
박현지,01023652395,930721
최현우,01069562819,750831
배미영,01088545829,110330
박성호,01050738702,491208
한영미,01061140877,441213
김옥순,01055960563,080715
한우진,01071852191,980105
이현주,01078036134,121102
장도현,01077744761,061201
김명숙,01001251808,000422
이재현,01007998500,970705
최상현,01060760292,560520
양민준,01003670225,830408
김도현,01026963196,531221
한성민,01073024127,860702
이광수,01083929313,790429
김준혁,01090503722,020421
손채원,01051476620,661006
이정숙,01075047138,470319
이지훈,01062351500,621031
한서윤,01040479189,940730
최중수,01025314369,120716
김경자,01052235108,990527
김영철,01023715093,791204
이영미,01015354201,570110
오서윤,01039967960,711120
차지훈,01005401460,140331
최정웅,01062010604,020321
김상현,01095456522,890103
김예원,01074584560,030714
박민지,01003945437,590805
안영자,01076536854,050608
고수민,01020490764,790606
조종수,01090178421,770104
주시우,01045002860,470801
박민석,01062684533,110728
장정자,01085635525,790723
박하윤,01096566083,780515
이도윤,01031526302,751129
구상철,01081492730,090520
